Country Name,Country Code,1990,1991,1992,1993,1994,1995,1996,1997,1998,1999,2000,2001,2002,2003,2004,2005,2006,2007,2008,2009,2010,2011,2012,2013
Afghanistan,,14.993333333333332,14.370750000000001,14.056083333333333,14.439250000000001,14.754750000000001,14.859166666666667,14.426,14.904000000000002,15.1325,15.388750000000002,15.497833333333334,15.778083333333333,15.537666666666668,14.915999999999999,15.770916666666666,14.979999999999999,15.595583333333332,15.106166666666667,15.216499999999998,15.25775,15.828666666666665,15.518,14.481583333333333,16.533625
Africa,,24.70375,24.422250000000002,24.33541666666667,24.538666666666668,24.43875,24.71841666666667,24.6345,24.706833333333336,25.0205,24.743750000000002,24.588083333333334,24.841166666666666,24.961333333333332,25.025583333333334,24.895916666666665,25.156166666666667,24.818916666666667,24.8515,24.754666666666665,25.026500000000002,25.4725,24.7865,24.725916666666667,25.208750000000002
Albania,,13.468666666666666,12.338833333333334,13.084666666666665,13.122583333333333,14.099666666666666,12.782083333333333,12.7365,12.900916666666667,13.311250000000001,13.65375,13.746583333333334,13.690416666666666,13.559916666666666,13.626583333333334,13.258166666666666,12.747083333333334,12.976916666666666,13.890500000000001,13.955166666666665,13.84425,13.775416666666667,13.44325,13.768250000000002,14.993875000000001
Algeria,,24.014416666666666,23.011083333333332,22.767,23.450833333333335,23.642083333333336,23.7225,23.734333333333336,23.955166666666667,23.920583333333337,24.29941666666667,24.03225,24.72441666666667,24.263,24.393666666666665,23.916,24.222583333333333,24.200833333333335,24.06533333333333,23.95025,24.154333333333337,25.215666666666667,24.144166666666667,23.95483333333333,25.1215
American Samoa,,27.15625,27.171166666666668,27.072,26.81641666666667,26.986333333333334,27.268666666666665,27.11266666666667,26.95575,27.424833333333336,27.067166666666665,27.219833333333337,27.22758333333333,27.537916666666664,27.264833333333332,27.281166666666667,27.373500000000003,27.08125,27.452416666666668,26.995083333333337,27.03425,27.453416666666666,27.0095,27.20141666666667,27.51725
Andorra,,12.455583333333335,11.565416666666666,11.498416666666666,11.432166666666667,12.632249999999999,12.376416666666666,11.741416666666666,12.896166666666666,12.11875,12.178666666666667,12.311916666666667,12.216083333333332,12.319583333333334,12.900666666666666,12.043,11.643416666666667,12.834333333333333,12.15525,11.978583333333333,12.566666666666668,11.480833333333335,12.994416666666666,12.339916666666667,12.307875
Angola,,22.466416666666664,22.095416666666665,22.498583333333332,22.291,22.18941666666667,22.936166666666665,22.479249999999997,22.317166666666665,23.120166666666666,22.382083333333338,22.360666666666663,22.502916666666668,22.9255,23.06658333333333,22.572833333333335,22.966083333333334,21.947083333333335,22.427083333333332,22.287333333333333,22.3165,22.6815,22.029666666666667,22.123333333333335,22.507875
Anguilla,,27.09875,27.097333333333335,27.05033333333333,27.163416666666667,27.16925,27.55033333333333,27.056833333333334,27.393583333333336,27.74083333333333,27.344583333333333,27.05275,27.4085,27.53825,27.67741666666667,27.334000000000003,27.732333333333333,27.63625,27.685083333333335,27.140416666666667,27.46858333333333,27.855999999999998,27.528333333333336,27.63925,27.363
Antarctica,,,,,,,,,,,,,,,,,,,,,,,,,
Antigua And Barbuda,,26.93466666666667,26.895666666666667,26.894750000000002,26.95616666666667,26.946083333333334,27.380333333333336,26.942333333333334,27.289333333333335,27.60175,27.13175,26.892083333333332,27.253833333333333,27.36175,27.513833333333334,27.15116666666667,27.598166666666668,27.466416666666664,27.509083333333336,26.965416666666666,27.277333333333335,27.735416666666666,27.296166666666668,27.4335,27.249625
Argentina,,15.155083333333332,15.097583333333333,14.739166666666668,15.098666666666666,15.578666666666665,15.149833333333333,15.211583333333332,15.620666666666667,15.261750000000001,15.064916666666667,14.7505,15.370416666666666,15.183750000000002,15.518333333333333,15.442166666666667,15.112833333333334,15.561083333333334,14.628083333333334,15.476,15.534416666666667,15.078833333333334,15.339666666666666,15.689,14.457125
Armenia,,9.258083333333333,9.372583333333333,7.614666666666667,7.769666666666667,9.02125,9.892166666666666,9.819166666666666,9.246333333333334,10.448416666666667,10.331,9.918166666666668,10.443416666666668,9.604999999999999,9.423083333333333,9.720166666666666,9.735416666666667,10.0535,9.53525,9.706750000000001,9.842083333333333,11.509500000000001,9.136000000000001,10.35075,11.34375
Aruba,,28.243333333333336,28.343083333333336,28.49875,28.589166666666667,28.482249999999997,28.736416666666667,28.479583333333334,28.763333333333335,28.9825,28.197916666666668,28.128,28.630916666666668,28.849249999999998,28.849666666666668,28.506,28.77225,28.804666666666666,28.822833333333335,28.45025,28.832000000000004,28.968333333333334,28.513333333333335,28.65233333333333,28.541249999999998
Asia,,8.428166666666668,8.15325,7.671916666666667,7.823166666666666,8.04125,8.705833333333333,7.8879166666666665,8.2815,8.29425,8.3795,8.252583333333332,8.450916666666666,8.645333333333333,8.534,8.488833333333334,8.666666666666666,8.406916666666667,9.100666666666667,8.764999999999999,8.442333333333334,8.575583333333334,8.574,8.429333333333334,10.047375
Australia,,22.35575,22.48741666666667,21.932583333333337,22.16016666666667,22.03025,21.955166666666667,22.325333333333333,22.086,22.664833333333334,22.0645,21.709666666666667,21.79275,22.46083333333333,22.44033333333333,22.286916666666666,22.896833333333333,22.264416666666666,22.48675,22.225916666666667,22.690583333333333,22.078166666666664,21.767,22.0245,22.142875
Austria,,7.344,6.357916666666667,7.615583333333333,6.858666666666667,8.164916666666667,6.8465,5.863250000000001,7.025083333333334,7.2227500000000004,7.23425,8.084916666666667,7.188916666666667,7.91525,7.509333333333334,6.906083333333334,6.6095,7.277583333333333,7.976500000000001,7.801916666666667,7.616,6.6490833333333335,7.855583333333333,7.611333333333334,8.055125
Azerbaijan,,11.991999999999999,11.956000000000001,10.721333333333334,10.526083333333334,11.472916666666668,12.731583333333333,12.20225,11.894416666666666,12.95875,12.851750000000001,12.632,13.09725,12.432250000000002,11.98475,12.6195,12.68725,12.71225,12.514833333333334,12.365499999999999,12.611666666666666,13.962666666666665,11.808666666666667,13.08675,14.173874999999999
Bahamas,,25.992333333333335,25.926750000000002,25.465500000000002,25.549833333333336,26.0245,25.768666666666665,25.385416666666668,26.190833333333334,26.2295,25.622666666666664,25.44916666666667,25.58066666666667,26.116249999999997,26.180333333333337,25.84975,25.801666666666666,25.71575,26.034750000000003,25.89975,25.769166666666667,25.229166666666668,26.003249999999998,25.81641666666667,26.01166666666667
Bahrain,,26.344583333333333,25.811916666666672,25.177666666666667,26.16591666666667,26.73375,26.257416666666668,26.8275,26.190916666666666,27.612416666666665,27.742416666666667,27.07075,27.431,27.266416666666668,27.370666666666665,27.15025,26.983166666666666,27.22125,27.216083333333334,27.033083333333334,27.310333333333332,28.069666666666667,27.103833333333338,27.529333333333337,27.925375000000003
Baker Island,,25.913750000000004,25.87566666666667,25.810333333333332,25.73566666666667,25.877,25.862250000000003,25.726583333333334,26.120583333333332,26.645666666666667,25.871166666666667,25.912166666666668,26.037583333333334,26.248083333333337,26.125583333333335,26.07625,26.109416666666664,26.16025,26.077583333333337,25.765500000000003,26.210416666666664,26.205250000000003,25.926000000000002,26.181416666666667,26.43175
Bangladesh,,25.281750000000002,25.135166666666667,25.122249999999998,25.00316666666667,25.261666666666667,25.415833333333335,25.440250000000002,24.859250000000003,25.52416666666667,25.714833333333335,25.150166666666667,25.337,25.380333333333336,25.280833333333334,25.386333333333337,25.532,25.765666666666664,25.34375,25.389499999999998,25.904916666666665,25.94033333333333,25.205083333333334,25.533583333333336,25.9675
Barbados,,26.94316666666667,26.89316666666667,26.904666666666667,27.056833333333334,26.960083333333333,27.326000000000004,27.01825,27.239333333333335,27.625083333333336,27.140833333333337,26.902083333333337,27.221833333333336,27.26608333333333,27.440083333333334,27.22541666666667,27.67716666666667,27.50225,27.366416666666666,27.003833333333333,27.320333333333334,27.84466666666667,27.39525,27.346666666666668,27.251125000000002
Belarus,,7.757416666666667,6.895416666666666,7.132000000000001,6.013833333333333,6.735916666666667,7.021249999999999,5.656583333333333,6.34375,6.528333333333333,7.71275,7.909833333333334,7.09225,7.7019166666666665,6.724916666666666,6.905833333333334,6.968083333333333,6.992083333333333,7.928166666666667,8.13075,7.196416666666667,7.037250000000001,7.5885,6.835166666666666,8.2665
Belgium,,10.935333333333332,9.709166666666667,10.48925,9.925833333333333,10.99675,10.69675,8.893166666666668,10.472416666666666,10.369166666666667,10.93425,11.03425,10.543333333333333,11.03575,10.870249999999999,10.452583333333333,10.727833333333331,11.09525,11.1455,10.504916666666665,10.6285,9.361749999999999,11.305333333333332,10.351833333333333,10.060125
Belize,,25.550333333333338,25.863333333333333,25.647916666666664,25.603083333333334,25.908916666666666,26.00475,25.4505,26.088250000000002,26.228166666666667,25.366666666666664,25.285,25.52391666666667,25.787333333333333,25.865333333333336,25.744083333333336,25.919,25.7085,25.85875,25.524666666666665,25.907750000000004,25.502333333333336,25.84275,25.734416666666664,26.213333333333335
Benin,,27.793833333333335,27.380916666666668,27.230583333333332,27.597916666666666,27.335583333333332,27.61616666666667,27.703916666666668,27.542,28.088583333333332,27.68041666666667,27.637666666666664,27.675833333333333,27.8195,27.964583333333337,27.872,28.153333333333332,28.144333333333336,28.0705,27.690916666666666,28.15608333333333,28.32558333333333,28.061166666666665,27.751833333333334,28.160625
Bhutan,,12.205583333333335,11.994666666666667,11.826833333333333,12.08775,12.299666666666667,12.428416666666665,12.374666666666664,11.578833333333334,12.589833333333333,12.814916666666667,11.998416666666666,12.42575,12.180333333333332,12.232583333333332,12.208083333333333,12.445916666666667,12.854,12.6995,12.456333333333333,13.11475,12.947249999999999,12.40025,12.27975,13.331375
Bolivia,,21.326083333333333,21.75408333333333,21.205916666666667,21.52491666666667,21.984750000000002,21.730583333333332,21.05366666666667,21.611333333333334,21.467333333333332,21.031750000000002,21.077166666666667,21.234083333333334,21.60575,21.26275,21.571,21.371750000000002,21.470000000000002,21.129333333333335,21.189,21.378333333333334,21.446416666666668,21.55541666666667,21.607166666666668,20.640875
"Bonaire, Saint Eustatius And Saba",,27.651750000000003,27.52416666666667,27.706,27.763,27.6945,27.9905,27.7375,27.869666666666664,28.281499999999998,27.534916666666664,27.412166666666668,27.88116666666667,28.074583333333337,28.111666666666665,27.69125,28.085333333333335,28.080166666666667,28.13575,27.780333333333335,28.139166666666668,28.370583333333332,27.8515,27.996416666666665,27.919625
Bosnia And Herzegovina,,11.564250000000001,10.34725,11.444416666666667,10.959666666666665,12.079083333333335,10.7585,10.252,10.7885,11.104583333333332,11.376416666666666,12.148083333333334,11.380666666666665,11.858333333333334,11.495166666666668,10.998333333333333,10.302083333333334,11.07125,12.001750000000001,12.056666666666667,11.860666666666667,11.271416666666667,11.73975,12.029000000000002,12.8795
Botswana,,22.944833333333335,22.05966666666667,23.290833333333335,22.680750000000003,22.379166666666666,23.213833333333337,22.19966666666667,22.33683333333333,23.07058333333333,22.977999999999998,21.872333333333334,22.3505,22.98566666666667,23.395166666666668,22.346083333333336,23.36883333333333,21.804000000000002,22.400500000000005,22.311166666666665,22.139750000000003,22.730166666666666,21.955083333333334,22.40008333333333,21.82575
Brazil,,25.27491666666667,25.29216666666667,25.251333333333335,25.354916666666668,25.454666666666668,25.55441666666667,25.337833333333332,25.559416666666667,25.95875,25.286583333333336,25.1965,25.504416666666668,25.80033333333333,25.621,25.4965,25.806,25.517,25.668000000000003,25.41033333333333,25.600583333333333,25.812416666666667,25.428916666666666,25.717083333333335,25.348125
British Virgin Islands,,26.82166666666667,26.777583333333336,26.776416666666666,26.9305,27.040750000000003,27.228916666666667,26.743583333333333,27.114666666666665,27.452333333333332,26.99825,26.730583333333332,27.133166666666668,27.297833333333333,27.376583333333333,27.02925,27.424666666666667,27.37483333333333,27.47,26.924000000000003,27.238500000000002,27.593666666666667,27.15925,27.360166666666668,27.312333333333335
Bulgaria,,11.597666666666667,10.180666666666665,11.021749999999999,10.713416666666667,12.200416666666667,10.809666666666667,10.4285,10.225333333333333,11.098916666666668,11.7885,11.906833333333333,11.623833333333332,11.680333333333335,10.953000000000001,11.241666666666667,10.781583333333332,11.117583333333334,12.314,11.98775,11.894,11.766333333333334,11.047833333333335,12.027583333333332,13.411875
Burkina Faso,,28.80633333333333,28.459416666666666,28.132,28.621083333333335,28.03933333333333,28.469583333333333,28.73908333333333,28.569166666666664,28.99291666666667,28.451166666666666,28.59141666666667,28.732166666666668,28.978166666666667,28.883499999999998,28.989166666666666,29.238333333333333,28.92025,28.983249999999998,28.489583333333332,29.083,29.288750000000004,29.060666666666666,28.63,29.3855
Burma,,24.062583333333336,24.14375,23.637,23.856916666666667,24.143333333333334,24.25525,24.108333333333334,23.870583333333332,24.78125,24.380166666666668,23.930833333333336,24.327250000000003,24.292416666666668,24.288083333333333,24.108249999999998,24.581083333333336,24.43216666666667,24.159666666666666,24.175916666666666,24.701333333333334,24.858666666666668,24.109333333333336,24.73441666666667,25.252875
Burundi,,20.409333333333333,20.238333333333333,20.56825,20.483333333333334,20.538999999999998,20.824333333333332,20.395750000000003,20.78425,20.8135,20.314,20.595833333333335,20.51033333333333,20.74983333333333,20.931333333333335,20.960416666666667,21.442166666666665,21.066333333333333,20.580916666666667,20.567916666666665,20.76425,21.06875,20.545916666666667,20.75425,20.86275
Cambodia,,27.259333333333334,27.20141666666667,27.0705,26.90825,27.12308333333333,27.080416666666668,26.83883333333333,27.219333333333335,27.956833333333336,26.83475,27.05716666666667,27.245833333333334,27.55541666666667,27.29941666666667,27.17941666666667,27.39,27.413916666666665,27.241833333333332,26.89708333333333,27.252750000000002,27.875249999999998,27.003500000000003,27.806250000000002,28.259625
Cameroon,,24.889666666666667,24.733833333333333,24.29733333333333,24.66225,24.631666666666664,24.817999999999998,24.70075,24.817333333333334,25.323083333333333,24.656166666666667,24.613,24.65191666666667,24.95025,25.012333333333334,25.170833333333334,25.267833333333332,25.29341666666667,25.209833333333336,25.12108333333333,25.40733333333333,25.46475,24.876583333333333,24.877,25.307625
Canada,,-5.021916666666667,-4.426666666666667,-4.928916666666667,-4.4014999999999995,-4.433666666666666,-4.314333333333333,-4.941166666666667,-4.2315000000000005,-2.553916666666666,-3.1863333333333332,-4.025916666666666,-3.1000833333333326,-4.362833333333334,-3.8595000000000006,-4.9230833333333335,-3.30875,-2.4601666666666664,-4.0609166666666665,-4.29525,-4.135083333333333,-1.8879166666666667,-3.5570833333333334,-3.176833333333334,-1.640666666666667
Cape Verde,,24.745333333333335,24.631416666666667,24.68225,24.44966666666667,24.458833333333335,25.167333333333332,25.230666666666668,25.30616666666667,25.373666666666665,24.627,24.71591666666667,25.285583333333335,25.10466666666667,24.825666666666667,24.892916666666668,25.133,25.068416666666668,24.793666666666667,24.96975,24.599083333333336,25.83241666666667,25.308833333333336,25.1035,24.5305
Cayman Islands,,27.361416666666667,27.368916666666667,27.132083333333338,27.261666666666667,27.636916666666668,27.584,27.129166666666666,27.751666666666665,27.701000000000004,27.168666666666667,27.10183333333333,27.30916666666667,27.72275,27.651083333333332,27.585916666666666,27.551083333333334,27.49475,27.62391666666667,27.377166666666668,27.49275,27.03441666666667,27.44216666666667,27.12125,27.558222222222224
Central African Republic,,25.71591666666667,25.699833333333334,25.092083333333335,25.74875,25.68275,25.631833333333333,25.717250000000003,26.042666666666666,26.204333333333334,25.46941666666667,25.613333333333333,25.710166666666666,25.81941666666667,26.014833333333332,26.14,26.332166666666666,26.205083333333334,26.067833333333336,25.968666666666667,26.51091666666667,26.329833333333337,25.63875,25.6395,26.210875
Chad,,27.619250000000005,27.5535,26.919666666666668,27.612416666666665,27.261083333333332,27.461833333333335,27.7835,27.797416666666667,27.895833333333332,27.779833333333332,27.447833333333335,27.63525,27.772833333333335,27.878083333333336,28.017416666666666,28.211250000000003,28.048000000000002,27.860166666666668,27.7025,28.324250000000003,28.6965,27.784833333333335,27.701166666666666,28.356
Chile,,9.83125,9.725416666666666,9.73775,9.944583333333332,10.054333333333334,9.784916666666666,9.758000000000001,10.337,10.292416666666666,9.829583333333334,9.564083333333334,9.819666666666667,9.742416666666665,10.078416666666667,10.205833333333333,9.891833333333333,10.174,9.489916666666668,10.1625,9.994416666666666,9.712833333333334,10.03225,10.272583333333333,9.877374999999999
China,,7.636,7.097166666666666,6.858416666666667,6.919416666666667,7.4959999999999996,7.2115833333333335,6.962666666666667,7.367333333333334,8.051833333333333,7.84025,7.238083333333333,7.596416666666666,7.7956666666666665,7.521999999999999,7.71275,7.4135,7.948,8.12675,7.566083333333334,7.8095,7.548416666666667,7.357083333333333,7.077083333333333,9.295
Christmas Island,,26.449333333333332,26.272000000000002,26.30175,26.369250000000005,26.236583333333332,26.471,26.599,26.303250000000002,26.897000000000002,26.338333333333335,26.375249999999998,26.348583333333334,26.73375,26.693250000000003,26.589416666666665,26.67958333333333,26.526916666666665,26.555333333333333,26.280083333333334,26.544833333333333,26.83975,26.365,26.67016666666667,27.01075
Colombia,,25.219166666666666,25.341833333333337,25.533583333333336,25.20641666666667,25.16241666666667,25.492833333333333,25.14991666666667,25.580000000000002,25.879166666666666,24.870666666666665,25.030166666666663,25.411916666666666,25.570750000000004,25.655333333333335,25.553916666666666,25.670833333333334,25.476583333333334,25.494,25.153916666666664,25.618333333333336,25.68766666666667,25.246916666666667,25.381333333333334,25.5795
Comoros,,26.15325,26.196833333333334,26.21783333333333,26.178166666666666,26.4525,26.385083333333338,25.953333333333333,26.30516666666667,26.64725,26.288083333333333,25.995500000000003,26.41425,26.657750000000004,26.6005,26.391916666666663,26.68216666666667,26.465833333333336,26.604583333333334,26.18825,26.59325,26.786833333333334,26.453999999999997,26.38325,26.542875000000002
Congo,,24.766499999999997,24.8215,24.549833333333336,24.679833333333335,24.842916666666667,25.09691666666667,24.668000000000003,25.0605,25.540499999999998,24.8125,24.786,24.732916666666668,25.047666666666668,25.056749999999997,25.12816666666667,25.268916666666666,25.282666666666668,25.22975,25.292416666666668,25.349249999999998,25.559416666666667,24.77508333333333,24.873500000000003,25.139375
Congo (Democratic Republic Of The),,24.206999999999997,24.06325,24.132583333333333,24.086166666666667,24.225250000000003,24.469916666666666,24.19775,24.535666666666668,24.737333333333336,24.01275,24.206166666666665,24.256249999999998,24.562749999999998,24.567333333333334,24.547749999999997,24.982083333333335,24.526916666666665,24.38508333333333,24.341333333333335,24.541666666666668,24.758916666666664,24.16316666666667,24.206333333333333,24.560375
Costa Rica,,26.29025,26.289916666666667,26.36175,26.319333333333333,26.425833333333333,26.292833333333334,25.962500000000002,26.806250000000002,26.974083333333336,25.864416666666667,26.072166666666664,26.114333333333335,26.306749999999997,26.5775,26.528499999999998,26.40425,26.514916666666668,26.38291666666667,26.056083333333333,26.522916666666664,26.22675,26.113416666666666,26.282,26.457555555555555
Croatia,,12.434416666666666,11.33325,12.549083333333334,11.931583333333334,13.11,11.881749999999998,11.125750000000002,11.827416666666666,12.100916666666668,12.3165,13.226416666666665,12.411,12.898916666666667,12.567000000000002,11.919416666666665,11.376249999999999,12.241666666666667,13.0665,12.977083333333333,12.875083333333334,11.960833333333333,12.755166666666668,12.9735,13.588999999999999
Cuba,,26.133416666666665,26.165833333333335,25.859583333333333,25.874416666666665,26.264666666666667,26.1275,25.801333333333332,26.63825,26.407083333333333,25.7975,25.785,25.856416666666664,26.313000000000002,26.361583333333332,26.26891666666667,26.14408333333333,26.1545,26.279749999999996,26.05475,26.022333333333336,25.627333333333336,26.153000000000002,26.059,26.250444444444447
Curaçao,,27.691916666666668,27.70175,27.90833333333333,27.999583333333337,27.920333333333335,28.221833333333336,27.953666666666667,28.078166666666664,28.402666666666665,27.68316666666667,27.564083333333333,28.010416666666668,28.24291666666667,28.266083333333338,27.890666666666664,28.209583333333338,28.26533333333333,28.28466666666667,27.918500000000005,28.2525,28.4735,27.97975,28.053,28.1205
Cyprus,,19.194416666666665,19.08275,18.04925,18.949,19.802,19.079,19.475583333333333,18.87625,19.964083333333335,20.07375,19.442,20.01175,19.729166666666668,19.735083333333332,19.59575,19.587083333333336,19.540166666666668,19.945333333333334,20.14475,20.157333333333334,20.952,19.68191666666667,20.012,20.349875
Czech Republic,,8.962666666666667,7.771999999999999,9.103833333333332,8.142,9.452416666666666,8.41175,6.850083333333333,8.139333333333333,8.696,8.89725,9.659,8.378833333333334,9.203666666666667,8.871333333333334,8.445916666666667,8.327916666666667,8.865333333333334,9.601333333333333,9.41475,8.965666666666667,7.75225,9.172166666666666,8.927583333333333,9.281
Côte D'Ivoire,,26.498500000000003,26.334666666666667,26.17725,26.322833333333335,26.24825,26.4645,26.423333333333332,26.460833333333337,27.040666666666667,26.414583333333336,26.402333333333335,26.673333333333332,26.769666666666666,26.939333333333334,26.82858333333333,26.914916666666667,26.7915,26.944583333333338,26.75825,26.93433333333333,27.146583333333336,26.83725,26.55241666666667,27.061125
Denmark,,-17.870333333333335,-17.827916666666667,-19.00041666666667,-18.716166666666666,-18.085416666666667,-17.69783333333333,-16.805666666666667,-17.455333333333332,-16.62091666666667,-17.699083333333334,-16.8245,-17.06775,-16.291083333333336,-15.747083333333334,-16.77058333333333,-15.643,-16.574333333333332,-16.533083333333334,-16.843333333333334,-16.783166666666666,-15.085749999999999,-16.641416666666668,-16.260916666666667,-14.92725
Denmark (Europe),,9.708833333333333,8.57775,9.38425,8.059083333333334,8.96725,8.623666666666667,7.234083333333333,8.894916666666667,8.563083333333333,9.283083333333334,9.582916666666668,8.62375,9.44325,8.998666666666667,9.021749999999999,9.054416666666667,9.683833333333332,9.7635,9.730083333333335,9.130416666666667,7.295333333333333,9.252833333333333,8.58825,8.516375
Djibouti,,29.302999999999997,29.289416666666668,28.999,28.74083333333333,29.06233333333333,29.25975,29.16525,29.269333333333336,29.7805,29.3715,29.860000000000003,29.476916666666668,29.531583333333334,29.757833333333334,29.540916666666664,29.80858333333333,29.777416666666667,29.786333333333335,29.339250000000003,29.89675,29.837000000000003,29.844333333333335,29.923583333333337,30.74475
Dominica,,26.629833333333334,26.544583333333335,26.619,26.647916666666664,26.6245,26.974333333333334,26.632499999999997,26.957166666666666,27.268,26.81325,26.5715,26.90216666666667,26.935666666666666,27.08,26.829666666666668,27.31925,27.148583333333335,27.094416666666664,26.664666666666665,26.9505,27.486833333333333,26.98783333333333,27.112333333333336,26.922125
Dominican Republic,,26.171166666666668,26.053416666666667,25.941333333333333,25.9165,26.280583333333336,26.35775,25.87075,26.69725,26.676333333333332,26.172833333333333,25.880416666666665,26.340666666666667,26.58125,26.626333333333335,26.35875,26.52116666666667,26.58566666666667,26.626,26.199250000000003,26.423083333333334,26.455583333333333,26.25075,26.340083333333336,26.290333333333333
Ecuador,,22.434749999999998,22.529500000000002,22.611500000000003,22.421583333333334,22.217083333333335,22.574166666666667,22.0325,23.082916666666666,23.121,21.90216666666667,22.026,22.236083333333337,22.763666666666666,22.668333333333333,22.64791666666667,22.5295,22.603166666666667,22.359750000000002,22.22425,22.67716666666667,22.639916666666668,22.33666666666667,22.445916666666665,22.264125
Egypt,,23.09141666666667,23.0885,22.554916666666667,23.39225,23.235,23.169166666666666,23.426333333333332,22.939666666666668,23.68241666666667,23.77933333333333,22.881416666666667,23.616333333333333,23.716250000000002,23.496416666666665,23.511083333333332,23.52025,23.505666666666666,23.584333333333333,23.907916666666665,23.735,25.151916666666665,23.33141666666667,23.77091666666667,24.50525
El Salvador,,25.5665,25.64075,25.781916666666664,25.663083333333333,25.91316666666667,25.73408333333333,25.35441666666667,26.035750000000004,26.131083333333333,25.279583333333335,25.40716666666667,25.49291666666667,25.71041666666667,25.724083333333336,25.742583333333332,25.622833333333332,25.758499999999998,25.475166666666667,25.24825,25.787583333333334,25.45866666666667,25.549666666666667,25.560333333333332,25.910777777777778
Equatorial Guinea,,25.285,25.235083333333336,24.889166666666668,25.189333333333334,25.2865,25.614583333333332,25.238416666666666,25.32525,26.003500000000003,25.323000000000004,25.220583333333334,25.207250000000002,25.5265,25.627416666666665,25.594166666666666,25.62391666666667,25.785416666666666,25.773666666666667,25.76875,25.832833333333337,25.902500000000003,25.545666666666666,25.536833333333334,25.5905
Eritrea,,27.448083333333333,27.256833333333333,26.428916666666666,26.93025,26.890583333333336,27.136666666666667,27.183916666666665,27.146,27.577833333333334,27.514083333333332,27.51725,27.410583333333335,27.639416666666666,27.72975,27.5775,27.69,27.492,27.485416666666666,27.594333333333335,28.092583333333334,28.054166666666664,27.58575,27.880083333333335,28.5035
Estonia,,6.698583333333333,6.258083333333334,6.401833333333333,5.146249999999999,5.252250000000001,6.165833333333333,4.578499999999999,5.778333333333333,5.361416666666667,6.456833333333333,7.00875,5.973,6.2115833333333335,5.662166666666667,5.940833333333334,6.001416666666667,6.531833333333332,6.8308333333333335,7.267833333333333,6.061833333333333,5.043,6.865333333333333,5.486,6.961749999999999
Ethiopia,,23.379583333333333,23.41241666666667,23.239500000000003,22.98875,23.20866666666667,23.3965,23.358583333333332,23.423833333333334,23.68941666666667,23.446833333333334,23.762583333333335,23.6615,23.82325,23.857166666666668,23.778666666666666,23.89691666666667,23.77808333333333,23.724,23.60258333333333,24.273583333333335,23.9275,24.074166666666667,23.976166666666668,24.6315
Europe,,9.320416666666667,8.337166666666667,8.787500000000001,8.109916666666667,8.987416666666666,8.686416666666666,7.802083333333333,8.630583333333332,8.546166666666666,9.087833333333334,9.440083333333334,8.787083333333333,9.22,8.982333333333333,8.83075,8.801333333333334,9.157416666666668,9.470666666666668,9.304666666666668,9.150333333333334,8.279833333333334,9.384416666666667,8.912916666666666,9.67025
Falkland Islands (Islas Malvinas),,6.801666666666667,6.1025,6.359500000000001,7.103750000000001,6.3855,6.0985000000000005,6.845166666666667,6.304583333333333,7.651666666666667,6.989666666666667,6.401166666666668,6.6475,6.044250000000001,6.533666666666666,7.391416666666667,6.601916666666667,7.062083333333334,6.3379166666666675,6.9190000000000005,6.559916666666666,6.868083333333334,7.131166666666666,6.706916666666667,7.346
Faroe Islands,,7.401833333333333,7.56575,7.304333333333333,6.709833333333333,6.8505,6.52525,6.989666666666667,7.5914166666666665,7.047416666666667,7.102333333333333,7.19175,7.125083333333333,7.889749999999999,8.21875,7.850333333333334,7.319166666666667,7.8785,7.55075,7.5071666666666665,7.995916666666666,6.8267500000000005,7.668583333333333,6.981416666666667,7.076625
Federated States Of Micronesia,,27.26825,27.101333333333333,27.216333333333335,26.998166666666666,27.298416666666668,27.43641666666667,27.28108333333333,27.14075,27.475583333333333,27.068250000000003,27.442833333333336,27.508750000000003,27.59266666666667,27.639833333333332,27.72366666666667,27.59875,27.389083333333332,27.46291666666667,27.32133333333333,27.589,27.732166666666668,27.515,27.685666666666666,27.99725
Fiji,,25.400499999999997,25.348,25.296333333333333,25.007166666666667,25.148750000000003,25.715999999999998,25.861083333333337,25.32341666666667,25.865333333333336,25.686666666666667,25.837166666666672,25.751416666666668,25.713333333333335,25.44666666666667,25.50775,25.643416666666667,25.6315,26.055333333333333,25.730166666666666,25.227416666666667,25.918499999999998,25.72283333333333,25.478250000000003,25.941375
Finland,,2.9432500000000004,2.32825,2.6495833333333336,1.7829166666666667,1.7739166666666668,2.3540833333333335,1.6930833333333337,2.227583333333333,1.22675,2.3225,3.590666666666667,2.09525,2.230166666666667,2.499833333333333,2.6147500000000004,3.2302500000000003,2.8921666666666668,3.092333333333334,3.2009166666666666,2.43925,1.1437500000000003,3.541166666666667,1.9072500000000001,4.064125000000001
France,,14.038833333333335,13.1395,13.462916666666667,13.150166666666665,14.156166666666666,13.89975,13.013916666666667,14.095999999999998,13.720666666666666,13.904916666666667,13.967333333333334,13.6965,14.048166666666667,14.337916666666667,13.664083333333332,13.694250000000002,14.143833333333333,13.896583333333332,13.5815,13.941666666666668,13.115416666666668,14.479583333333332,13.707166666666666,13.584624999999999
France (Europe),,11.806083333333333,10.729750000000001,11.111916666666668,10.752666666666668,11.98975,11.578333333333333,10.526166666666667,11.8165,11.26175,11.619166666666667,11.738083333333334,11.361583333333334,11.7675,12.076916666666667,11.266333333333334,11.229083333333334,11.871250000000002,11.571833333333332,11.20075,11.607500000000002,10.531583333333334,12.27275,11.33175,11.19575
French Guiana,,26.229666666666663,26.212416666666666,26.287666666666667,26.17325,26.110083333333336,26.506583333333335,26.416083333333333,26.60983333333333,26.980500000000003,26.32975,26.112666666666666,26.35875,26.49175,26.779333333333337,26.734750000000002,27.198916666666666,26.617833333333333,26.519499999999997,26.462333333333333,26.731250000000003,27.018666666666665,26.591333333333335,26.656333333333333,26.528875000000003
French Polynesia,,26.849166666666665,26.680333333333333,26.56675,26.56641666666667,26.65716666666667,26.72191666666667,26.47458333333334,26.543083333333332,26.918166666666668,26.704333333333334,26.635833333333334,26.619333333333334,26.981916666666667,26.916416666666667,26.728916666666667,26.85291666666667,26.83475,26.812583333333336,26.484083333333334,27.032083333333333,26.94141666666667,26.396833333333333,26.919833333333333,26.907875
French Southern And Antarctic Lands,,5.008416666666666,5.477916666666666,5.181333333333334,5.379833333333334,5.048666666666667,5.2555000000000005,5.091583333333333,5.470833333333334,5.4550833333333335,5.12075,5.224,5.164833333333333,5.1985,5.515416666666667,5.442583333333334,5.456083333333333,5.3185,5.0512500000000005,5.447166666666667,5.174916666666667,5.63825,5.330333333333333,5.531583333333334,5.6855
Gabon,,24.570833333333336,24.566833333333335,24.24025,24.5445,24.64708333333333,24.936916666666665,24.46475,24.73041666666667,25.394833333333334,24.736833333333333,24.57241666666667,24.513583333333333,24.833916666666667,24.912000000000003,24.853250000000003,24.965416666666666,25.157750000000004,25.063583333333337,25.127916666666668,25.134666666666664,25.221,24.73091666666667,24.831666666666667,24.8385
Gambia,,28.135666666666665,28.04525,28.034333333333333,28.24066666666667,27.904083333333332,28.190083333333334,28.29875,28.350166666666667,28.826083333333333,27.757500000000004,28.06375,28.48975,28.547916666666666,28.228583333333333,28.372500000000002,28.605,28.177333333333333,28.36491666666667,28.346083333333336,27.959000000000003,28.802916666666665,28.2825,28.301666666666666,28.724375000000002
Gaza Strip,,19.71441666666667,19.630333333333333,18.551916666666667,19.544083333333333,20.14525,19.622666666666667,20.10675,19.381333333333334,20.566916666666668,20.516416666666668,19.880916666666668,20.560083333333335,20.284166666666668,20.148833333333332,20.07725,19.98025,19.938666666666666,20.284583333333334,20.525833333333335,20.418083333333332,21.90425,19.848416666666665,20.580083333333334,20.78225
Georgia,,8.84425,8.857083333333334,7.390916666666666,7.397833333333334,8.718333333333334,9.427583333333333,9.117916666666668,8.550666666666666,9.85875,9.769166666666667,9.311166666666667,9.861749999999999,9.206,8.804583333333333,9.218583333333333,9.4135,9.40375,9.525916666666667,9.308583333333333,9.552083333333334,11.102416666666668,8.52375,9.787333333333335,10.686625
Germany,,9.6895,8.523083333333334,9.505833333333333,8.6335,9.847,9.0335,7.374416666666666,9.048666666666668,9.17175,9.62075,10.020416666666666,9.090416666666666,9.637333333333334,9.494250000000001,9.053416666666667,9.128416666666666,9.706000000000001,9.9975,9.642166666666666,9.359166666666667,8.009,9.819583333333334,9.227166666666667,9.23525
Ghana,,27.24475,26.96941666666667,26.833250000000003,27.088916666666666,26.966083333333334,27.21225,27.13083333333333,27.072916666666668,27.6635,27.11991666666667,27.24591666666667,27.278750000000002,27.401083333333332,27.533500000000004,27.415833333333335,27.601166666666668,27.58158333333333,27.627666666666666,27.367833333333333,27.55758333333333,27.935000000000002,27.59975,27.2795,27.7175
Greece,,15.499333333333334,14.412833333333333,14.785333333333334,15.040583333333332,16.044666666666668,15.10225,14.84675,14.76325,15.506083333333335,15.992166666666668,15.673333333333334,15.931583333333334,15.622333333333332,15.472583333333334,15.455666666666668,15.175333333333334,15.212666666666665,16.08325,16.054916666666667,15.956166666666666,16.37125,15.261333333333335,16.0395,17.1535
Greenland,,-18.437916666666666,-18.371333333333336,-19.5845,-19.267166666666668,-18.641916666666667,-18.2395,-17.30033333333333,-17.997833333333332,-17.139,-18.25425,-17.367916666666666,-17.596416666666666,-16.820416666666667,-16.256249999999998,-17.301166666666667,-16.15125,-17.114333333333335,-17.074166666666667,-17.389916666666668,-17.316416666666665,-15.546333333333331,-17.174333333333333,-16.77225,-15.40975
Grenada,,27.20566666666667,27.141666666666666,27.157083333333333,27.34841666666667,27.251,27.635333333333335,27.28625,27.452333333333332,27.946,27.463916666666666,27.190916666666666,27.507166666666667,27.531166666666667,27.7165,27.47475,27.908,27.743666666666666,27.590999999999998,27.363666666666663,27.62675,28.10891666666667,27.66208333333333,27.636416666666666,27.612875000000003
Guadeloupe,,26.832916666666666,26.77541666666667,26.800833333333333,26.842833333333335,26.826083333333333,27.25725,26.851916666666668,27.19725,27.500500000000002,27.015,26.788333333333338,27.14525,27.232916666666668,27.386750000000003,27.0415,27.509083333333333,27.360583333333334,27.382416666666668,26.861666666666668,27.164666666666665,27.655666666666665,27.1765,27.318250000000003,27.156750000000002
Guam,,27.273833333333332,27.226333333333333,27.115416666666665,27.24275,27.360083333333336,27.22725,27.383333333333336,27.411583333333336,27.659666666666666,27.586333333333332,27.481666666666666,27.595,27.4055,27.265333333333334,27.54641666666667,27.465666666666667,27.428833333333333,27.402083333333334,27.48391666666667,27.387249999999998,27.250416666666666,27.24891666666667,27.391583333333333,27.658875000000002
Guatemala,,23.599500000000003,23.877583333333334,23.790750000000003,23.776333333333337,24.021666666666665,23.96066666666667,23.450083333333335,24.076833333333337,24.3065,23.41841666666667,23.428833333333333,23.58441666666667,23.833583333333333,23.99383333333334,23.797916666666666,23.94825,23.80825,23.8185,23.482083333333335,23.939916666666665,23.687583333333333,23.820833333333336,23.848166666666668,24.291333333333334
Guernsey,,12.3365,10.890583333333334,11.448916666666667,11.187666666666667,12.080666666666666,12.187083333333334,11.016916666666667,12.098666666666666,11.846166666666667,12.34525,11.918999999999999,11.876416666666666,12.245083333333334,12.2355,11.950333333333333,12.050083333333333,12.187249999999999,12.227666666666666,11.761583333333332,11.732583333333332,10.960833333333333,12.495750000000001,11.644333333333334,10.803624999999998
Guinea,,26.011166666666668,26.050666666666668,25.78408333333333,26.027833333333334,25.755416666666665,25.946083333333334,26.10075,25.985666666666663,26.519666666666666,25.841916666666666,25.969166666666666,26.2885,26.514833333333332,26.409750000000003,26.40416666666667,26.50725,26.120583333333332,26.317333333333334,26.28775,26.325666666666667,26.597250000000003,26.343000000000004,26.063166666666664,26.68675
Guinea Bissau,,27.363500000000002,27.354333333333333,27.245500000000003,27.4525,27.182666666666666,27.373333333333335,27.493,27.436000000000003,27.972333333333335,27.149916666666666,27.288833333333333,27.663583333333335,27.79516666666667,27.463583333333332,27.633333333333336,27.959000000000003,27.352166666666665,27.51825,27.58366666666667,27.31041666666667,27.91891666666667,27.491083333333336,27.4815,27.90675
Guyana,,26.565750000000005,26.44175,26.503583333333335,26.31041666666667,26.43025,26.888,26.487583333333333,26.736166666666666,27.138499999999997,26.423750000000002,26.393583333333336,26.576999999999998,26.608083333333337,27.003666666666664,26.8715,27.06833333333333,26.821083333333334,26.70875,26.619,27.101583333333334,27.116083333333336,26.68341666666667,26.80016666666667,26.6875
Haiti,,26.942916666666665,26.854,26.671833333333336,26.619583333333335,27.105249999999998,27.104249999999997,26.65608333333333,27.545833333333334,27.395416666666666,26.850166666666667,26.598583333333334,27.01375,27.249666666666666,27.334333333333333,27.177666666666667,27.180583333333335,27.222250000000003,27.28825,26.92716666666667,27.145166666666668,27.002333333333336,26.943583333333333,27.045083333333334,27.031555555555556
Heard Island And Mcdonald Islands,,2.7554166666666666,3.2314166666666666,2.5665833333333334,2.5933333333333333,2.622166666666667,2.8247500000000003,2.766166666666667,2.9775833333333335,3.006083333333333,2.655583333333333,2.885,2.8485,2.8509166666666665,3.250833333333334,3.017916666666667,2.9121666666666663,2.8084166666666666,2.6049166666666665,3.08025,2.6015833333333336,3.110583333333333,2.7475833333333335,3.0570833333333334,3.19375
Honduras,,25.209500000000002,25.337500000000002,25.461583333333333,25.292,25.675833333333333,25.832166666666666,25.179333333333332,25.83966666666667,26.09925,25.218833333333336,25.153666666666666,25.154750000000003,25.432583333333337,25.54875,25.463916666666666,25.626416666666668,25.589916666666667,25.383416666666665,25.107833333333332,25.518583333333336,25.24566666666667,25.47425,25.260583333333333,25.732333333333333
Hong Kong,,23.260583333333333,23.33475,22.63225,22.82825,23.23875,22.548916666666667,22.866833333333332,23.00175,23.73783333333333,23.3985,23.2015,23.36791666666667,23.598583333333334,23.417,23.247416666666666,23.056916666666666,23.536,23.57166666666667,22.901583333333335,23.351166666666668,23.143833333333333,22.76816666666667,23.217,23.690375
Hungary,,10.920333333333334,9.680166666666667,10.996333333333334,10.120916666666668,11.545416666666668,10.30275,9.357,9.871916666666666,10.361833333333333,10.655,11.700333333333333,10.52375,11.432083333333333,10.597916666666666,10.3115,9.942583333333333,10.629083333333334,11.707250000000002,11.531083333333335,11.381083333333335,10.347833333333334,10.877,11.293666666666667,12.3015
Iceland,,1.7747500000000003,2.540083333333333,1.7690833333333333,1.70325,1.5843333333333334,1.06825,2.3195,2.223666666666667,1.6077500000000002,1.84225,2.1032499999999996,2.3649166666666663,2.665833333333333,3.3408333333333338,2.9484166666666667,2.2003333333333335,2.6824999999999997,2.5614166666666667,2.3129166666666667,2.464,2.6764166666666664,2.315416666666667,2.463416666666667,2.9202500000000002
India,,24.17816666666667,24.311750000000004,24.222916666666666,24.408666666666665,24.29641666666667,24.42975,24.436916666666665,24.04733333333333,24.755416666666665,24.659833333333335,24.498,24.581916666666668,24.913,24.649916666666666,24.634583333333335,24.495416666666667,24.732083333333335,24.649916666666666,24.406000000000002,25.146666666666665,25.050833333333333,24.415583333333334,24.640833333333333,25.413249999999998
Indonesia,,26.23783333333333,26.075166666666664,26.17016666666667,26.138833333333334,26.08425,26.22966666666667,26.215,26.371916666666667,26.75475,26.1335,26.190250000000002,26.32975,26.529,26.4455,26.434833333333334,26.45375,26.38175,26.293083333333332,26.065250000000002,26.455000000000002,26.537000000000003,26.202250000000003,26.322083333333335,26.467
Iran,,18.426416666666665,18.02925,16.949749999999998,17.741083333333332,18.386,18.40791666666667,18.206416666666666,18.303250000000002,19.16991666666667,19.15791666666667,18.892083333333336,19.473833333333335,19.142416666666666,18.915166666666668,19.149916666666666,18.80666666666667,19.211916666666667,18.740416666666665,18.90491666666667,19.1095,20.09016666666667,18.91541666666667,18.959666666666667,20.541
Iraq,,22.5415,22.28033333333333,20.68583333333333,21.90308333333333,22.642416666666666,22.431,23.01375,21.921166666666668,23.455416666666665,23.493333333333336,22.988833333333332,23.517083333333332,22.895583333333335,22.95941666666667,22.77891666666667,22.696083333333334,22.904333333333337,23.015,23.118166666666667,22.998083333333337,24.650333333333336,22.59325,23.428916666666666,24.2405
Ireland,,10.312666666666667,9.825166666666666,9.789,9.641583333333333,9.884833333333333,10.518916666666668,9.591166666666668,10.6835,10.4595,10.458166666666665,10.13075,10.023083333333334,10.420666666666667,10.522416666666667,10.439083333333334,10.575750000000001,10.654166666666667,10.842666666666666,10.15875,10.15725,9.258166666666666,10.345416666666667,10.035833333333334,9.97475
Isle Of Man,,10.519333333333334,9.727,9.905583333333334,9.428416666666667,9.876916666666666,10.436583333333333,9.332666666666666,10.53775,10.368666666666666,10.52225,10.257583333333333,9.971333333333334,10.524166666666668,10.574666666666667,10.596083333333334,10.576333333333332,10.823666666666668,10.809083333333334,10.236666666666666,10.294833333333333,9.103250000000001,10.708666666666666,9.909916666666666,9.230375
Israel,,20.129833333333334,20.021916666666666,19.028666666666666,19.975416666666664,20.500333333333334,20.043333333333333,20.52808333333333,19.823166666666665,20.966416666666667,20.892166666666668,20.230416666666667,20.929750000000002,20.728333333333335,20.614,20.4905,20.43775,20.409166666666668,20.701583333333335,20.930083333333332,20.831416666666666,22.311166666666665,20.33125,21.006083333333333,21.222375
Italy,,13.716916666666668,12.853499999999999,13.58175,13.409666666666666,14.284833333333333,13.234083333333333,13.007,13.838833333333334,13.662333333333335,13.763,14.1255,13.95425,13.934,14.296916666666666,13.559833333333332,13.028583333333332,13.787333333333335,14.073333333333332,13.88125,14.052916666666667,13.324916666666667,14.173166666666667,14.079,14.165
Jamaica,,26.740250000000003,26.687833333333334,26.720416666666665,26.523,26.911,26.89391666666667,26.474833333333333,27.199166666666667,27.235583333333334,26.535666666666668,26.469416666666664,26.703083333333336,27.00075,27.065833333333334,26.903833333333335,26.834999999999997,27.034166666666668,27.01391666666667,26.6215,26.860166666666668,26.52125,26.640583333333336,26.88508333333333,27.125333333333334
Japan,,13.590583333333333,12.783166666666666,12.484250000000001,12.055166666666667,13.229750000000001,12.475416666666666,12.082833333333333,12.752416666666667,13.244750000000002,13.080083333333334,12.833833333333333,12.450000000000001,12.837333333333333,12.507,13.435666666666668,12.555916666666667,12.757083333333334,13.192166666666667,12.874916666666666,12.933833333333332,13.215583333333333,12.73775,12.565666666666667,12.96475
Jersey,,12.3365,10.890583333333334,11.448916666666667,11.187666666666667,12.080666666666666,12.187083333333334,11.016916666666667,12.098666666666666,11.846166666666667,12.34525,11.918999999999999,11.876416666666666,12.245083333333334,12.2355,11.950333333333333,12.050083333333333,12.187249999999999,12.227666666666666,11.761583333333332,11.732583333333332,10.960833333333333,12.495750000000001,11.644333333333334,10.803624999999998
Jordan,,19.921583333333334,19.79175,18.604916666666668,19.679916666666667,20.265583333333336,19.847916666666666,20.422,19.484583333333337,20.773583333333335,20.621166666666667,20.04525,20.730833333333333,20.322833333333335,20.331416666666666,20.25525,20.137416666666667,20.173333333333336,20.43975,20.572750000000003,20.4985,22.228000000000005,20.1145,20.82025,21.319125
Kazakhstan,,6.55575,6.470999999999999,5.809666666666668,4.70225,5.5365,7.335333333333334,5.100833333333334,7.065333333333334,6.248916666666667,6.9755,6.761416666666666,6.813083333333334,7.301583333333334,6.131416666666667,7.393,6.998833333333334,6.869833333333333,7.155166666666666,7.028916666666667,6.382083333333333,6.710000000000001,5.69625,6.0754166666666665,8.937249999999999
Kenya,,24.132416666666668,24.371583333333334,24.408916666666666,24.281583333333334,24.524916666666666,24.475333333333335,24.453000000000003,24.56475,24.590999999999998,24.57058333333333,24.71666666666667,24.458333333333332,24.66175,24.858333333333334,24.86708333333333,25.133666666666667,24.820083333333333,24.788750000000004,24.64975,25.228083333333334,24.961250000000003,24.96575,24.925416666666667,24.93525
Kingman Reef,,27.535333333333337,27.76866666666667,27.641416666666668,27.505166666666668,27.708333333333332,27.895583333333335,27.819999999999997,27.905583333333336,27.765500000000003,27.306750000000005,27.453916666666668,27.822916666666668,28.007416666666668,28.136416666666666,28.03741666666667,28.164083333333334,28.081500000000002,27.78991666666667,27.495,27.989,27.84866666666667,27.672833333333333,27.67941666666667,27.843875
Kiribati,,27.075666666666667,27.363083333333336,27.287333333333333,27.138583333333333,27.247083333333336,27.46591666666667,27.3535,27.496333333333336,27.465999999999998,26.93541666666667,27.079250000000002,27.39225,27.657916666666665,27.767083333333332,27.683666666666667,27.814083333333333,27.756,27.295416666666668,26.961000000000002,27.66616666666667,27.531666666666666,27.160666666666668,27.3385,27.551375
Kuwait,,25.758583333333334,25.348583333333334,24.30033333333333,25.361833333333333,25.842333333333332,25.49175,26.327916666666667,25.315833333333334,26.670749999999998,26.83683333333333,26.376083333333337,26.654750000000003,26.386750000000003,26.496583333333334,26.155416666666667,25.987916666666667,26.314666666666668,26.330916666666667,26.266583333333333,26.453166666666664,27.63866666666667,26.087500000000002,26.675583333333336,27.273375
Kyrgyzstan,,4.492416666666666,3.7833333333333337,3.7207500000000002,3.116166666666667,3.7527500000000003,4.050166666666667,3.414583333333334,4.873916666666667,4.393166666666667,4.6003333333333325,4.73075,4.781,4.709,4.042333333333333,5.02925,4.518083333333333,4.917333333333333,5.053249999999999,4.577583333333333,4.349166666666666,4.59575,4.201583333333333,3.576916666666667,6.2631250000000005
Laos,,24.057333333333332,24.259583333333335,23.71183333333333,23.770333333333337,24.060916666666667,23.945833333333336,23.7015,24.11791666666667,24.86883333333333,23.937083333333334,23.835166666666666,24.155083333333334,24.22041666666667,24.331916666666668,23.86375,24.31775,24.4055,24.21075,23.631583333333335,24.3655,24.934166666666666,23.61066666666667,24.907666666666668,25.38525
Latvia,,7.325666666666668,6.689916666666668,6.920083333333333,5.639916666666668,5.9385,6.566333333333334,4.9670000000000005,6.232083333333333,5.997750000000001,7.1089166666666666,7.497083333333333,6.53925,6.917583333333333,6.2772499999999996,6.334083333333333,6.3745,6.970583333333334,7.278916666666667,7.6810833333333335,6.559333333333334,5.711083333333334,7.2452499999999995,6.043333333333334,7.322375000000001
Lebanon,,18.184583333333332,18.114833333333333,16.92125,17.92625,18.66425,18.104833333333335,18.50016666666667,17.731583333333333,19.00166666666667,18.9815,18.377333333333336,19.06275,18.677083333333332,18.554,18.47425,18.39275,18.314333333333334,18.755166666666664,18.957166666666666,18.85225,20.268833333333333,18.261666666666667,18.989083333333337,19.17825
Lesotho,,14.14725,14.353,14.890083333333335,14.63275,13.90275,14.246,13.655666666666667,13.953250000000002,14.542333333333334,14.982166666666666,14.053916666666666,14.333416666666666,14.387333333333332,14.684833333333335,14.562916666666666,14.576500000000001,13.903500000000001,14.525333333333334,14.427750000000001,14.257166666666668,14.906833333333333,14.026916666666667,14.3865,13.773625
Liberia,,25.881583333333335,25.844916666666666,25.655916666666666,25.832583333333332,25.720916666666668,25.94875,25.99625,25.99066666666667,26.459999999999997,25.889666666666667,25.859750000000002,26.153500000000005,26.236083333333337,26.386916666666664,26.2835,26.290916666666664,26.18316666666667,26.289833333333334,26.297416666666667,26.494,26.532750000000004,26.240666666666666,25.995583333333332,26.314
Libya,,23.101,22.618166666666667,22.397833333333335,23.002750000000002,22.816083333333335,22.9495,23.12325,23.046499999999998,23.27633333333333,23.693583333333333,22.835083333333333,23.41316666666667,23.40941666666667,23.369,23.27841666666667,23.256666666666664,23.315083333333334,23.325833333333335,23.474333333333334,23.379833333333334,24.51591666666667,22.988333333333333,23.270666666666667,24.314
Liechtenstein,,5.91725,4.933,5.910666666666667,5.333833333333334,6.637583333333333,5.334583333333334,4.48675,5.7932500000000005,5.663833333333333,5.546083333333333,6.328749999999999,5.588416666666666,6.2636666666666665,6.124666666666666,5.430416666666666,5.013,5.941166666666667,6.27925,5.9422500000000005,5.8935,4.847833333333333,6.563083333333332,5.876083333333334,6.002375000000001
Lithuania,,7.978416666666665,7.091583333333333,7.46825,6.24175,6.8094166666666665,7.0073333333333325,5.405583333333333,6.726749999999999,6.6531666666666665,7.678249999999999,8.107666666666665,7.120416666666666,7.706083333333333,6.830333333333333,6.835333333333332,6.920999999999999,7.422000000000001,7.853999999999999,8.175333333333333,7.096083333333333,6.3258333333333345,7.635000000000001,6.723583333333334,7.803999999999999
Luxembourg,,10.590916666666667,9.453083333333334,10.223833333333333,9.65275,10.822166666666666,10.342666666666666,8.652583333333334,10.167,9.995416666666666,10.542333333333334,10.79275,10.206583333333333,10.714,10.700583333333334,9.983083333333333,10.308083333333332,10.730333333333334,10.761666666666665,10.128666666666666,10.328083333333334,9.134666666666666,11.032000000000002,10.109250000000001,9.90025
Macau,,23.046666666666667,23.14033333333333,22.366333333333333,22.574583333333333,22.970083333333335,22.269416666666668,22.576416666666663,22.767666666666667,23.458333333333332,23.137833333333333,22.937166666666666,23.09875,23.299750000000003,23.173750000000002,22.9935,22.805666666666667,23.302083333333332,23.336333333333332,22.589166666666667,23.073083333333333,22.895083333333332,22.490750000000002,22.978833333333338,23.473000000000003
Macedonia,,11.29775,9.984416666666668,10.843333333333334,10.915166666666666,12.036583333333333,10.571250000000001,10.506916666666667,10.460166666666666,10.997583333333333,11.406833333333333,11.582,11.4705,11.281083333333333,11.207666666666666,11.058583333333333,10.55,10.752583333333334,11.90575,11.924083333333334,11.643833333333333,11.741,11.023833333333334,11.537916666666668,13.260125
Madagascar,,23.124166666666667,23.327,23.341333333333335,23.455833333333334,23.444583333333338,23.47975,23.26291666666667,23.452916666666667,23.753416666666666,23.41925,23.320333333333334,23.586916666666667,23.617500000000003,23.49525,23.453000000000003,23.62183333333333,23.66116666666667,23.64975,23.332250000000002,23.618666666666666,23.846166666666665,23.776833333333332,23.325333333333333,22.9595
Malawi,,22.28025,21.889499999999998,22.39033333333333,21.940166666666666,21.980166666666666,22.301666666666666,21.963333333333335,22.034750000000003,22.377916666666668,21.68925,21.714416666666665,21.99875,22.224,22.233500000000003,21.865916666666667,22.81116666666667,22.102166666666665,22.098333333333333,21.8225,22.014833333333332,22.60066666666667,22.31325,21.887416666666667,21.269375
Malaysia,,26.418916666666664,26.332083333333333,26.286583333333336,26.215,26.27716666666667,26.334500000000002,26.238916666666668,26.556416666666667,27.055000000000003,26.24891666666667,26.371416666666665,26.500083333333333,26.745500000000003,26.57675,26.575999999999997,26.649583333333336,26.57766666666667,26.496333333333336,26.25408333333333,26.642,26.80666666666667,26.440583333333336,26.62275,26.9735
Mali,,29.321083333333334,28.855833333333333,28.56616666666667,28.9665,28.37625,28.904,29.252583333333334,29.133916666666668,29.493083333333335,28.792583333333337,29.150333333333336,29.310833333333335,29.4265,29.429000000000002,29.426000000000002,29.52625,29.037916666666664,29.202166666666667,28.949916666666667,29.440916666666666,30.127083333333335,29.436666666666667,28.60183333333333,29.942
Malta,,19.56175,18.590083333333336,18.832083333333333,19.05125,19.837666666666667,19.07275,18.962416666666666,19.396666666666665,19.311083333333332,19.842,19.609166666666667,19.909666666666666,19.551833333333335,19.756583333333335,19.171166666666668,18.875083333333333,19.601333333333333,19.749916666666667,19.818166666666666,19.579250000000002,19.664416666666668,19.3135,19.829166666666666,19.437375
Martinique,,26.629833333333334,26.544583333333335,26.619,26.647916666666664,26.6245,26.974333333333334,26.632499999999997,26.957166666666666,27.268,26.81325,26.5715,26.90216666666667,26.935666666666666,27.08,26.829666666666668,27.31925,27.148583333333335,27.094416666666664,26.664666666666665,26.9505,27.486833333333333,26.98783333333333,27.112333333333336,26.922125
Mauritania,,28.536416666666668,28.033833333333334,27.955,27.858416666666667,27.910916666666665,28.26,28.5385,28.599999999999998,28.969916666666666,27.87291666666667,28.35558333333334,28.878416666666666,28.65025,28.558833333333336,28.628249999999998,28.75225,28.4505,28.451916666666666,28.395,28.43133333333333,29.37291666666667,28.63291666666667,28.026833333333332,29.11
Mauritius,,23.840666666666667,24.138,23.809083333333334,23.911083333333334,24.165833333333335,24.023416666666666,23.891166666666667,24.097416666666664,24.405916666666666,24.1075,24.002583333333334,24.4905,24.395750000000003,24.517083333333332,24.254583333333333,24.155916666666666,24.31975,24.284333333333336,24.189000000000004,24.584833333333336,24.669083333333333,24.522333333333336,24.374,24.312375
Mayotte,,26.775333333333336,26.79941666666667,26.85475,26.8835,27.091833333333337,26.996750000000002,26.58575,26.994333333333334,27.354833333333332,26.938666666666666,26.609333333333336,27.02808333333333,27.37391666666667,27.142,27.0085,27.266000000000002,27.15125,27.256583333333335,26.914666666666665,27.238,27.45141666666667,27.188583333333337,26.97,27.13175
Mexico,,20.960833333333333,20.83966666666667,20.650333333333332,20.938833333333335,21.325750000000003,21.370666666666665,21.132166666666667,20.898583333333335,21.531750000000002,21.1285,21.232083333333332,21.133,21.224999999999998,21.329416666666667,20.924833333333336,21.4135,21.418083333333332,21.079333333333334,21.08525,21.546083333333332,20.85291666666667,21.599333333333334,21.652416666666667,22.219222222222225
Moldova,,10.875583333333333,9.18325,9.753333333333334,8.870166666666666,10.664166666666667,9.477916666666667,8.573333333333332,8.690666666666667,9.532,10.629166666666668,10.69,10.000833333333333,10.541083333333335,9.428416666666667,9.901833333333334,9.842666666666668,9.591833333333334,11.358916666666666,10.744416666666666,10.731916666666665,10.225666666666667,9.8705,10.587583333333335,11.9605
Monaco,,10.135333333333334,9.468333333333334,9.897916666666667,9.551666666666668,10.569583333333334,9.756583333333333,9.278583333333334,10.368083333333333,9.88925,9.993333333333334,10.2295,10.211833333333333,10.260166666666667,10.726083333333333,9.93825,9.518416666666667,10.454916666666668,10.411,9.97425,10.429416666666667,9.223666666666666,10.7235,10.248666666666667,10.417
Mongolia,,0.6622500000000002,0.12483333333333253,0.2616666666666667,-0.2125833333333332,0.6934999999999999,0.7484999999999999,-0.08266666666666629,1.2595000000000003,1.596916666666667,1.099166666666667,0.17499999999999952,0.7503333333333334,1.0959166666666669,0.04641666666666625,1.0906666666666662,-0.13983333333333312,0.9519166666666669,2.075583333333334,1.1155833333333334,0.5645000000000001,-0.3186666666666668,-0.09199999999999993,-0.5962499999999995,2.80775
Montenegro,,11.242583333333334,10.069666666666667,10.94225,10.783333333333333,11.7725,10.383583333333332,10.323583333333334,10.572166666666666,10.930833333333332,11.248666666666667,11.561333333333332,11.23525,11.417166666666667,11.27825,10.82125,10.12575,10.560833333333333,11.595083333333333,11.627666666666668,11.462666666666665,11.244416666666666,11.234666666666667,11.531833333333333,12.870375000000001
Montserrat,,26.882333333333335,26.83175,26.845250000000004,26.890249999999998,26.875416666666666,27.326333333333334,26.905666666666665,27.25583333333334,27.55741666666667,27.064333333333334,26.841083333333334,27.204666666666668,27.30575,27.46166666666667,27.093,27.55525,27.41241666666667,27.452916666666667,26.909833333333335,27.21675,27.696583333333336,27.2225,27.3685,27.213250000000002
Morocco,,18.697666666666667,17.617250000000002,17.68575,17.502666666666666,18.460416666666667,18.788833333333333,18.248333333333335,18.79925,18.712666666666667,18.368333333333336,18.565083333333334,19.23391666666667,18.71258333333333,18.856,18.486,18.580750000000002,18.793166666666668,18.419666666666668,18.382166666666667,19.01075,19.435,18.878833333333333,18.66875,19.30525
Mozambique,,24.200666666666667,24.13275,24.743,24.247500000000002,24.04225,24.4765,24.090166666666665,24.15225,24.623416666666667,24.081500000000002,23.92025,24.25091666666667,24.42816666666667,24.42325,24.07258333333333,24.83375,24.303416666666667,24.224416666666666,24.0305,24.081333333333333,24.60575,24.302166666666665,24.009583333333335,23.488
Namibia,,21.33683333333333,20.78075,21.336833333333335,21.248333333333335,20.951083333333333,21.60025,20.828666666666667,20.818166666666666,21.676666666666666,21.46591666666667,21.017666666666667,21.237166666666667,21.547583333333336,22.040833333333335,21.643833333333333,21.473916666666668,20.381833333333333,21.180583333333335,21.021083333333333,20.97625,21.39225,20.350416666666664,20.794999999999998,21.265875
Nepal,,15.272333333333334,15.135,15.075583333333334,15.276250000000003,15.45825,15.453333333333333,15.459833333333336,14.691916666666666,15.577750000000002,15.944583333333334,15.279333333333334,15.59025,15.648666666666669,15.47025,15.551833333333335,15.616166666666667,16.056,15.657083333333333,15.409083333333333,16.077,16.114,15.280666666666667,15.419833333333335,15.951250000000002
Netherlands,,11.000333333333332,9.75125,10.752166666666668,9.8475,10.842,10.594666666666667,8.739333333333333,10.409416666666667,10.518583333333334,11.086166666666665,11.103499999999999,10.579,11.015500000000001,10.699833333333332,10.6275,10.823666666666666,11.291333333333334,11.388416666666666,10.794583333333334,10.707166666666668,9.264583333333333,11.076,10.438166666666666,9.8565
Netherlands (Europe),,10.629916666666666,9.353666666666667,10.373083333333334,9.446583333333333,10.4645,10.204916666666668,8.31425,10.018583333333334,10.12225,10.71825,10.738750000000001,10.192666666666668,10.634416666666667,10.310916666666666,10.245416666666666,10.438333333333334,10.915750000000001,11.014416666666667,10.415416666666667,10.318416666666666,8.838416666666665,10.70125,10.046916666666666,9.4525
New Caledonia,,23.41291666666667,22.855416666666667,22.950166666666664,22.781000000000002,22.671666666666667,23.70741666666667,23.611500000000003,23.183333333333334,24.298916666666667,23.54941666666667,23.283083333333334,23.49875,23.469083333333334,23.261750000000003,23.36766666666667,23.360500000000002,23.194166666666664,23.74325,23.66333333333333,23.27416666666667,23.8685,23.530583333333336,23.21341666666667,23.382375
New Zealand,,11.269333333333334,10.534333333333334,9.936166666666667,10.23825,10.542250000000001,10.821083333333334,10.7435,10.542,11.633000000000001,11.612250000000001,11.115583333333333,11.191083333333333,10.997583333333333,10.930250000000001,10.475416666666666,11.375416666666666,10.703833333333334,11.085166666666666,11.171666666666667,10.653583333333334,11.335749999999999,11.16325,10.656916666666666,11.0885
Nicaragua,,26.55475,26.610249999999997,26.73125,26.61125,26.86691666666667,26.92175,26.409750000000003,27.026833333333332,27.39625,26.459999999999997,26.381333333333334,26.41,26.664916666666667,26.93225,26.778583333333334,26.8385,26.936083333333332,26.823083333333333,26.388500000000004,26.781666666666666,26.618916666666667,26.614,26.531916666666664,26.87155555555556
Niger,,28.048083333333334,27.859166666666667,27.185083333333335,27.753333333333334,27.400583333333334,27.895416666666666,28.128,28.131,28.32766666666667,28.26875,27.975833333333338,28.118,28.149666666666665,28.30225,28.371583333333334,28.636416666666673,28.291083333333333,28.411916666666666,27.901416666666666,28.85041666666667,29.299916666666665,28.487416666666665,28.07275,29.231375
Nigeria,,27.36616666666667,27.043333333333337,26.663666666666668,27.103333333333335,26.818833333333334,27.165166666666664,27.194666666666667,27.14491666666667,27.61191666666667,27.329166666666666,27.0335,27.09466666666667,27.464250000000003,27.429000000000002,27.5695,27.72458333333333,27.795083333333334,27.690083333333334,27.325666666666667,27.90291666666667,28.00425,27.622249999999998,27.40791666666667,28.005875
Niue,,25.658416666666668,25.587999999999997,25.494,25.224833333333333,25.302333333333333,25.71258333333333,25.713250000000002,25.247583333333335,25.804333333333332,25.683166666666665,25.80575,25.807083333333335,25.987,25.687083333333334,25.84058333333333,25.6995,25.46475,25.98975,25.617416666666667,25.108999999999998,26.011750000000003,25.982416666666666,25.805583333333335,26.0475
North America,,2.5597499999999997,2.7889166666666667,2.2889166666666667,2.478666666666667,2.72025,2.8321666666666663,2.403166666666667,2.79425,3.985916666666666,3.345333333333333,3.1261666666666676,3.5283333333333338,3.1162499999999995,3.36,2.763,3.649833333333333,3.939333333333334,3.212250000000001,2.732583333333333,2.9250833333333333,4.07325,3.3328333333333333,3.80575,5.073888888888889
North Korea,,8.179083333333333,7.537,7.602333333333333,7.274083333333333,8.275416666666667,7.512416666666667,7.2660833333333334,7.870333333333332,8.751333333333333,8.280666666666667,7.5249999999999995,7.727083333333334,7.925750000000001,8.054333333333334,8.444,7.3084999999999996,7.940333333333334,8.511166666666666,8.299916666666666,7.789750000000001,7.361916666666667,7.373666666666668,7.1139166666666656,8.4915
Northern Mariana Islands,,27.273833333333332,27.226333333333333,27.115416666666665,27.24275,27.360083333333336,27.22725,27.383333333333336,27.411583333333336,27.659666666666666,27.586333333333332,27.481666666666666,27.595,27.4055,27.265333333333334,27.54641666666667,27.465666666666667,27.428833333333333,27.402083333333334,27.48391666666667,27.387249999999998,27.250416666666666,27.24891666666667,27.391583333333333,27.658875000000002
Norway,,2.0665,1.1335,1.2961666666666665,0.4189999999999999,0.4645000000000004,0.5060000000000002,0.25566666666666665,1.04375,0.46541666666666687,1.2797500000000002,1.7969166666666663,0.7025000000000001,1.37075,1.2833333333333334,1.5249166666666663,1.8073333333333332,2.256666666666667,1.7515833333333333,1.6424999999999998,1.3854999999999997,-0.21550000000000002,2.118916666666667,1.1416666666666664,1.735375
Oceania,,22.180583333333335,22.263,21.747583333333335,21.95266666666667,21.846,21.80758333333333,22.143416666666667,21.902916666666666,22.501833333333334,21.927083333333332,21.591916666666666,21.676666666666666,22.2775,22.25391666666667,22.092,22.680166666666665,22.069416666666665,22.293666666666667,22.052750000000003,22.45625,21.956999999999997,21.639499999999998,21.85591666666667,21.99075
Oman,,27.4445,27.010833333333338,26.738916666666668,27.368583333333333,27.756083333333336,27.3235,27.173583333333337,27.346500000000002,28.18675,28.11283333333333,27.922416666666667,28.083333333333332,27.99416666666667,28.269000000000002,28.12516666666667,28.07375,28.044833333333333,28.363,27.75191666666667,28.3425,28.45866666666667,28.150666666666666,28.211583333333333,28.194375
Pakistan,,21.376416666666668,20.901333333333337,20.7085,21.444833333333335,21.163083333333333,21.073916666666666,20.933833333333332,20.73875,21.66275,21.863,21.8225,21.93041666666667,22.025499999999997,21.432083333333335,22.143083333333333,21.27241666666667,21.636916666666668,21.690916666666666,21.53516666666667,21.911416666666668,22.08791666666667,21.76825,21.198,22.320875
Palau,,27.676916666666667,27.59958333333333,27.539083333333334,27.484583333333333,27.616500000000002,27.634083333333333,27.701583333333332,27.798083333333334,28.006416666666667,27.66633333333333,27.690749999999998,27.758583333333334,27.801833333333335,27.629583333333333,27.88891666666667,27.71875,27.81441666666667,27.84275,27.62575,27.716916666666666,27.767750000000003,27.553416666666667,27.721249999999998,27.820375000000002
Palestina,,23.663666666666668,23.439083333333333,23.066083333333335,23.218,23.473166666666668,23.74716666666667,23.918333333333337,23.549000000000003,24.27116666666667,24.077166666666667,23.86,24.185000000000002,23.971166666666665,23.78916666666667,23.740083333333335,23.754666666666665,23.620583333333332,24.082083333333333,24.160833333333333,23.892833333333332,24.786,23.87725,23.90025,24.092125
Palmyra Atoll,,27.5745,27.801750000000002,27.66541666666667,27.534499999999998,27.742166666666666,27.924750000000003,27.840083333333336,27.935083333333335,27.80666666666667,27.345249999999997,27.48575,27.85766666666667,28.03891666666667,28.165916666666664,28.065166666666666,28.1955,28.10891666666667,27.830333333333332,27.537750000000003,28.021666666666665,27.879500000000004,27.70575,27.719083333333334,27.879875000000002
Panama,,26.92533333333333,27.068083333333334,27.108500000000003,26.937,27.006,26.958083333333335,26.668333333333333,27.412916666666664,27.547416666666667,26.425250000000002,26.711833333333335,26.665833333333335,27.207000000000004,27.248416666666667,27.10591666666667,27.084999999999997,27.13175,27.059416666666667,26.800666666666668,27.269750000000002,27.02916666666667,26.70925,27.0825,27.2175
Papua New Guinea,,24.93675,24.726166666666668,24.831083333333336,24.673750000000002,24.694833333333335,24.983999999999998,25.042333333333332,24.767500000000002,25.419750000000004,24.919833333333333,24.941999999999997,25.054666666666666,25.096333333333334,25.066833333333335,24.908916666666666,25.03375,24.739,24.882666666666665,24.775916666666664,24.78316666666667,25.342,24.829833333333337,24.84358333333334,25.069125
Paraguay,,23.599416666666666,24.11566666666667,23.09075,23.73425,24.470916666666668,23.96375,23.414833333333334,24.407416666666666,23.41725,23.697583333333338,23.626083333333337,24.28825,24.759,24.263833333333334,23.8045,23.820083333333333,24.376583333333333,23.72666666666667,23.81833333333333,24.18858333333333,23.615416666666665,23.991500000000002,24.46575,22.81775
Peru,,20.233083333333333,20.50425,20.836583333333333,20.5025,20.530583333333336,20.686,20.115,20.936583333333335,21.181833333333334,20.06775,20.231916666666667,20.22575,20.536,20.485583333333334,20.443083333333334,20.45058333333333,20.541,20.191666666666666,20.226416666666665,20.523083333333336,20.584500000000002,20.28408333333333,20.46,19.97625
Philippines,,26.932333333333332,26.79341666666667,26.9015,26.846333333333334,26.831333333333333,26.82641666666667,26.887916666666666,26.976333333333333,27.779416666666666,26.925750000000004,27.00975,27.104250000000004,27.083166666666667,27.014833333333332,27.089833333333335,27.144333333333336,27.178083333333333,27.162000000000003,26.87575,27.008750000000003,27.3565,26.785916666666665,27.14891666666667,27.41675
Poland,,9.231666666666667,7.9446666666666665,8.8135,7.831083333333333,8.921000000000001,8.26225,6.7684999999999995,7.980666666666667,8.315166666666666,9.035,9.622166666666667,8.333833333333333,9.171166666666666,8.385083333333334,8.390500000000001,8.4185,8.799916666666666,9.418083333333334,9.469166666666666,8.652916666666668,7.621416666666666,8.951666666666666,8.53775,9.257875
Portugal,,15.742750000000001,15.232833333333334,15.111333333333334,14.520166666666666,15.312833333333332,16.347416666666668,15.296333333333335,16.267583333333334,15.644999999999998,15.279083333333332,15.393,15.40775,15.463166666666666,15.815833333333332,15.463833333333334,15.536916666666668,16.002583333333334,15.241083333333334,15.270000000000001,15.9835,15.68425,16.066416666666665,15.392166666666666,15.88925
Puerto Rico,,25.93975,25.879666666666665,25.89916666666667,26.014833333333332,26.130083333333335,26.256583333333335,25.858500000000003,26.316000000000003,26.63308333333333,26.05258333333333,25.7865,26.27025,26.482,26.510666666666665,26.099500000000003,26.429666666666666,26.452250000000003,26.617833333333333,26.098333333333333,26.337999999999997,26.63825,26.22083333333333,26.469583333333333,26.28322222222222
Qatar,,27.320333333333334,26.71975,26.14741666666667,27.04975,27.529583333333335,27.103083333333334,27.60808333333333,27.157916666666665,28.424833333333336,28.567000000000004,27.993,28.305666666666667,28.1855,28.325083333333335,28.140416666666667,28.01308333333333,28.071416666666664,28.170416666666668,27.865333333333336,28.122500000000002,28.889583333333334,28.1615,28.4845,28.573750000000004
Reunion,,23.54225,23.92233333333333,23.749,23.769166666666667,23.994916666666665,23.856583333333333,23.732833333333332,23.860916666666668,24.225916666666667,23.891333333333336,23.881416666666667,24.273416666666666,24.145333333333337,24.197000000000003,24.08541666666667,23.909833333333335,24.049083333333332,24.026666666666667,23.93075,24.269000000000002,24.37391666666667,24.3805,24.177999999999997,24.269125
Romania,,10.226,8.728166666666667,9.562583333333334,8.862916666666667,10.609,9.13875,8.649416666666667,8.523666666666667,9.178416666666665,10.091,10.47225,9.638583333333335,10.392666666666667,9.340166666666667,9.558166666666667,9.123166666666666,9.469,10.868333333333334,10.461,10.470666666666666,9.851666666666667,9.569,10.301083333333333,11.6455
Russia,,-4.022916666666666,-4.236999999999999,-4.90325,-4.62175,-4.898416666666667,-3.1301666666666663,-4.810333333333333,-4.2965,-5.281083333333334,-4.829750000000001,-4.5456666666666665,-4.490666666666667,-4.122916666666666,-3.8328333333333333,-4.4935833333333335,-3.4980833333333337,-4.763,-2.975083333333334,-3.3054166666666664,-4.6085,-4.520583333333334,-3.401583333333333,-3.90175,-2.2631250000000005
Rwanda,,19.545833333333334,19.380750000000003,19.692,19.693500000000004,19.712416666666666,19.9635,19.477416666666667,19.95575,19.951833333333337,19.50883333333333,19.753083333333333,19.66125,19.94725,20.094333333333335,20.08491666666667,20.432583333333334,20.162833333333335,19.76325,19.730500000000003,20.022666666666666,20.267083333333336,19.77375,19.959416666666666,20.103875
Saint Barthélemy,,27.09875,27.097333333333335,27.05033333333333,27.163416666666667,27.16925,27.55033333333333,27.056833333333334,27.393583333333336,27.74083333333333,27.344583333333333,27.05275,27.4085,27.53825,27.67741666666667,27.334000000000003,27.732333333333333,27.63625,27.685083333333335,27.140416666666667,27.46858333333333,27.855999999999998,27.528333333333336,27.63925,27.363
Saint Kitts And Nevis,,26.348916666666668,26.293916666666664,26.315583333333333,26.397833333333335,26.40341666666667,26.793333333333333,26.325333333333333,26.675083333333333,26.996333333333336,26.521333333333335,26.2735,26.66525,26.779916666666665,26.91508333333333,26.52733333333333,26.99491666666667,26.874416666666665,26.96466666666667,26.39225,26.716583333333332,27.164083333333334,26.67125,26.855166666666666,26.66575
Saint Lucia,,27.142750000000003,27.087166666666665,27.102999999999998,27.24741666666667,27.140249999999998,27.49275,27.175083333333333,27.442083333333333,27.812,27.32858333333333,27.07841666666667,27.42125,27.462833333333336,27.60766666666667,27.377916666666668,27.858666666666668,27.692166666666665,27.583250000000003,27.20866666666667,27.495,28.005916666666668,27.540166666666668,27.578916666666668,27.4655
Saint Martin,,27.09875,27.097333333333335,27.05033333333333,27.163416666666667,27.16925,27.55033333333333,27.056833333333334,27.393583333333336,27.74083333333333,27.344583333333333,27.05275,27.4085,27.53825,27.67741666666667,27.334000000000003,27.732333333333333,27.63625,27.685083333333335,27.140416666666667,27.46858333333333,27.855999999999998,27.528333333333336,27.63925,27.363
Saint Pierre And Miquelon,,4.4013333333333335,3.9143333333333334,3.673083333333333,4.0075,4.3347500000000005,4.535666666666667,5.3509166666666665,4.190083333333333,5.639,6.736916666666667,5.864999999999999,5.684166666666666,4.645333333333333,5.200333333333333,5.313666666666666,5.753666666666667,6.538166666666666,4.985,5.558416666666667,5.479833333333333,6.568583333333333,5.581583333333334,6.7002500000000005,6.924444444444443
Saint Vincent And The Grenadines,,27.28333333333333,27.220083333333335,27.24325,27.387833333333333,27.281000000000002,27.636916666666664,27.303083333333333,27.56741666666667,27.965166666666665,27.477500000000003,27.217916666666667,27.566083333333335,27.601583333333334,27.744,27.498583333333332,27.981916666666667,27.8205,27.7165,27.3815,27.642750000000003,28.13208333333333,27.664583333333336,27.736583333333332,27.636375
Samoa,,26.858583333333332,26.849083333333336,26.75916666666667,26.522916666666664,26.74891666666667,27.037333333333336,26.84583333333333,26.706916666666668,27.121916666666667,26.780333333333335,26.838333333333335,26.953833333333336,27.236666666666668,27.022666666666666,27.05775,27.124333333333336,26.834999999999997,27.14925,26.671166666666664,26.728333333333335,27.161666666666665,26.71558333333333,26.926666666666666,27.1765
San Marino,,14.791333333333334,13.895249999999999,14.723999999999998,14.582166666666666,15.485583333333333,14.331083333333334,14.076166666666667,14.783000000000001,14.913583333333333,14.889000000000001,15.442583333333333,15.141250000000001,15.138083333333334,15.357083333333334,14.626833333333336,13.948666666666668,14.790000000000001,15.370833333333335,15.207666666666666,15.351,14.415083333333335,15.454916666666668,15.327916666666667,15.115625000000001
Sao Tome And Principe,,26.136583333333334,26.096166666666665,25.78991666666667,26.101249999999997,26.142833333333332,26.43841666666667,26.06975,26.14016666666667,26.832583333333332,26.283416666666668,26.189000000000004,26.05633333333333,26.395750000000003,26.567333333333334,26.484583333333333,26.409583333333334,26.700166666666664,26.70941666666667,26.595,26.956,26.766499999999997,26.484166666666667,26.393083333333337,26.5325
Saudi Arabia,,26.01875,25.77625,24.77125,25.741,26.297583333333336,25.989166666666666,26.433000000000003,25.867666666666665,26.85375,26.940583333333333,26.642916666666668,26.769666666666666,26.627333333333336,26.816666666666666,26.519000000000002,26.495500000000003,26.55858333333333,26.68258333333333,26.47775,26.827749999999998,27.530083333333334,26.63525,26.988916666666668,27.74075
Senegal,,28.508,28.490333333333336,28.459833333333336,28.646500000000003,28.241083333333336,28.556916666666666,28.775666666666666,28.82133333333333,29.25425,28.127333333333336,28.526083333333332,28.936333333333334,28.978166666666667,28.704166666666666,28.852083333333336,28.955083333333334,28.630750000000003,28.816833333333335,28.796083333333332,28.47375,29.302333333333333,28.774916666666666,28.635583333333333,29.3015
Serbia,,11.196083333333334,9.747083333333334,10.975583333333335,10.414416666666666,11.682250000000002,10.276166666666667,9.824916666666667,9.984,10.568333333333333,10.917250000000001,11.790999999999999,10.913166666666667,11.413416666666668,10.795499999999999,10.6165,9.922583333333334,10.574166666666667,11.745916666666666,11.666333333333334,11.412166666666666,10.9925,10.823,11.451749999999999,12.843625
Seychelles,,27.220083333333335,27.329666666666668,26.953166666666664,26.964583333333334,27.301833333333335,27.297749999999997,26.91175,27.36791666666667,27.654416666666666,27.136833333333332,27.17925,27.467833333333335,27.53108333333333,27.68541666666667,27.25775,27.468416666666666,27.470166666666668,27.71258333333333,27.376833333333334,27.741250000000004,27.744833333333332,27.73166666666667,27.772583333333333,27.451625
Sierra Leone,,26.551416666666668,26.621583333333334,26.397166666666667,26.608833333333333,26.358249999999998,26.578166666666664,26.7045,26.6695,27.07575,26.5215,26.546833333333336,26.82675,26.992666666666665,26.992416666666667,26.978916666666667,27.028583333333334,26.71775,26.83741666666667,26.97875,26.985,27.17716666666667,26.92625,26.676416666666668,26.948
Singapore,,27.13,26.994083333333336,26.997416666666666,26.928833333333333,27.08775,27.0725,27.043333333333333,27.38891666666667,27.77591666666667,27.016750000000002,27.096500000000002,27.189333333333337,27.40608333333333,27.311833333333336,27.328666666666667,27.493583333333333,27.32841666666667,27.13,27.067666666666668,27.473333333333333,27.6035,27.28216666666667,27.303583333333336,27.602875
Sint Maarten,,27.09875,27.097333333333335,27.05033333333333,27.163416666666667,27.16925,27.55033333333333,27.056833333333334,27.393583333333336,27.74083333333333,27.344583333333333,27.05275,27.4085,27.53825,27.67741666666667,27.334000000000003,27.732333333333333,27.63625,27.685083333333335,27.140416666666667,27.46858333333333,27.855999999999998,27.528333333333336,27.63925,27.363
Slovakia,,8.71675,7.639166666666667,8.727166666666667,7.982166666666667,9.297583333333334,8.153,7.126166666666666,7.773083333333333,8.333583333333333,8.675583333333334,9.482,8.30775,9.136416666666667,8.487083333333333,8.145583333333333,7.936916666666666,8.528333333333334,9.478916666666667,9.397416666666667,9.001666666666667,8.072999999999999,8.846,8.873166666666666,9.685625
Slovenia,,10.726333333333335,9.758000000000001,10.925333333333334,10.35,11.502,10.289583333333335,9.445,10.382916666666667,10.597333333333333,10.686916666666667,11.590583333333335,10.894666666666666,11.337250000000003,11.009666666666668,10.241249999999999,9.795083333333332,10.723416666666667,11.462583333333335,11.247916666666669,11.237416666666666,10.194,11.208083333333333,11.27825,11.74475
Solomon Islands,,27.264916666666668,26.993416666666665,27.00191666666667,26.781000000000002,26.793083333333332,27.2005,27.124916666666667,26.95041666666667,27.374333333333336,26.994249999999997,27.264750000000003,27.448333333333334,27.375416666666666,27.37975,27.178583333333336,27.383333333333336,27.207416666666663,27.321416666666668,27.183916666666665,27.387833333333333,27.586250000000003,27.23575,27.180000000000003,27.210250000000002
Somalia,,27.142666666666667,27.256083333333333,27.25825,26.909750000000003,27.265,27.16325,27.126,27.222333333333335,27.549916666666665,27.4995,27.710250000000002,27.477833333333336,27.516000000000002,27.787166666666668,27.683666666666667,27.83241666666667,27.653166666666667,27.87275,27.451333333333334,27.945083333333333,27.821,27.92441666666667,27.9385,27.975625
South Africa,,17.728333333333335,17.752,18.25616666666667,18.202749999999998,17.61475,17.87075,17.258666666666667,17.61525,18.095333333333333,18.5455,17.585583333333336,17.867916666666666,17.949416666666668,18.261666666666667,18.082833333333337,18.217916666666667,17.5975,17.98625,17.956083333333336,17.886,18.302666666666667,17.552416666666666,17.84691666666667,17.325375
South America,,22.323083333333333,22.381249999999998,22.28975,22.380166666666668,22.556083333333333,22.5645,22.321833333333334,22.69541666666667,22.857,22.241500000000002,22.164666666666665,22.504333333333335,22.683666666666667,22.649833333333333,22.574583333333333,22.67141666666667,22.61175,22.435,22.452916666666667,22.652583333333336,22.677333333333337,22.473000000000003,22.722583333333333,22.205375
South Georgia And The South Sandwich Isla,,2.1653333333333333,1.54125,1.76,2.258833333333333,1.3565833333333333,1.6331666666666667,2.0825,1.6834166666666668,2.3995,2.6010833333333334,2.0285833333333336,2.4963333333333333,1.6692500000000001,1.9478333333333335,2.3595833333333336,2.030416666666667,2.3226666666666667,1.4516666666666669,2.0684166666666672,2.26125,2.5810833333333334,2.5091666666666668,1.9021666666666668,2.228625
South Korea,,13.2295,12.407916666666667,12.60375,11.971916666666667,13.480416666666665,12.32725,12.165,12.818833333333332,13.64925,13.033416666666668,12.575333333333333,12.842583333333335,12.817166666666667,12.646583333333334,13.365083333333333,12.356666666666667,12.903333333333334,13.292916666666665,13.027916666666668,12.949333333333334,12.63975,12.3635,12.391666666666666,13.7605
Spain,,14.762083333333335,14.007166666666665,13.95525,13.500666666666667,14.651000000000002,15.072166666666666,14.15125,15.105916666666667,14.552,14.3665,14.46875,14.616083333333334,14.647916666666667,14.996916666666666,14.396416666666667,14.303583333333334,15.105916666666667,14.241333333333332,14.2295,14.968083333333333,14.246,15.321083333333334,14.58,14.858875000000001
Sri Lanka,,27.528750000000002,27.560000000000002,27.269833333333334,27.367416666666667,27.36525,27.587500000000002,27.399583333333336,27.657666666666668,28.15325,27.36125,27.46975,27.663083333333333,27.795916666666667,27.797416666666667,27.606333333333335,27.723833333333335,27.572,27.5565,27.441166666666664,27.745416666666667,27.883499999999998,27.669166666666666,27.949833333333334,28.175125
Sudan,,27.644083333333338,27.515249999999998,26.879666666666665,27.68025,27.257333333333335,27.498833333333334,27.750666666666664,27.694000000000003,27.803,27.7195,27.45658333333333,27.72583333333333,27.905416666666667,27.85375,27.893333333333334,28.032833333333333,27.72941666666667,27.647500000000004,27.8415,28.347916666666666,28.647666666666666,27.807583333333337,27.8685,28.572
Suriname,,26.677083333333332,26.676416666666668,26.805583333333335,26.589583333333334,26.566083333333335,27.045333333333335,26.821583333333336,27.04716666666667,27.400166666666667,26.7225,26.586083333333335,26.804083333333335,26.90391666666667,27.19558333333333,27.150333333333336,27.48391666666667,27.045666666666666,26.908583333333336,26.9195,27.233083333333337,27.412583333333334,27.0605,27.18941666666667,26.957250000000002
Svalbard And Jan Mayen,,-5.438166666666667,-6.615583333333333,-6.832666666666667,-7.658916666666666,-7.412583333333333,-7.585583333333333,-6.543,-7.575333333333333,-7.588416666666667,-5.72775,-5.745666666666668,-6.300833333333333,-6.343666666666667,-7.814333333333334,-6.368833333333332,-5.1705,-4.246416666666667,-5.010416666666667,-5.96075,-5.49625,-6.031583333333333,-5.326250000000001,-3.781,-5.382000000000001
Swaziland,,19.2115,19.412416666666665,20.269833333333334,19.724999999999998,18.97041666666667,19.539333333333335,19.111,19.1525,19.86541666666667,19.788833333333333,19.023500000000002,19.546,19.596166666666665,19.99716666666667,19.469916666666666,19.97575,19.266833333333334,19.615,19.420666666666666,19.293,19.756333333333334,19.358999999999998,19.571749999999998,18.95825
Sweden,,4.497916666666667,3.4589999999999996,3.8722499999999997,2.9450000000000003,2.8799166666666665,3.0660000000000003,2.39175,3.7305833333333336,2.8729166666666663,3.5439166666666666,4.421,3.1396666666666664,3.7953333333333332,3.733,3.6477500000000003,4.000166666666667,4.354166666666667,4.080583333333333,4.218,3.5024166666666665,1.6585,4.51875,2.972833333333334,4.19975
Switzerland,,8.255583333333334,7.405000000000001,8.059666666666667,7.617333333333334,8.821083333333332,7.751916666666666,6.974583333333334,8.212416666666668,7.957999999999999,7.902833333333334,8.562666666666667,7.97975,8.484833333333333,8.669749999999999,7.8460833333333335,7.573916666666666,8.33775,8.55275,8.109666666666667,8.300666666666666,7.226500000000001,8.847333333333333,8.15925,8.1775
Syria,,18.543166666666668,18.479499999999998,17.028583333333334,18.045666666666666,19.051833333333335,18.48225,18.90341666666667,17.933666666666667,19.415333333333333,19.281000000000002,18.773333333333333,19.39625,18.856583333333333,18.839333333333332,18.77325,18.74191666666667,18.744,19.0415,19.161166666666666,19.070083333333333,20.709333333333333,18.607000000000003,19.357583333333334,20.021125
Taiwan,,22.47275,22.612916666666667,22.12483333333333,22.489333333333335,22.825083333333335,22.17025,22.347916666666666,22.48866666666667,23.44558333333333,22.6925,22.7045,22.796166666666664,23.136,22.885666666666665,22.638,22.529083333333332,23.12091666666667,23.054166666666664,22.714416666666665,22.885166666666667,22.745333333333335,22.27175,22.558333333333334,23.015
Tajikistan,,5.199333333333334,4.489333333333334,4.4305,4.142666666666667,4.72025,4.808666666666666,4.275333333333333,5.452416666666667,5.116416666666667,5.425000000000001,5.3925833333333335,5.718166666666666,5.291250000000001,4.890166666666667,5.8380833333333335,5.1845,5.531333333333333,5.441166666666667,5.174666666666667,5.096916666666667,5.5640833333333335,5.351583333333334,4.337583333333334,6.562625
Tanzania,,22.714333333333332,22.691166666666664,22.803,22.69,22.862416666666665,23.006416666666667,22.75666666666667,22.94875,23.058166666666665,22.64816666666667,22.791583333333335,22.747500000000002,23.00175,23.28108333333333,23.04625,23.723416666666665,23.045416666666668,22.9255,22.706416666666666,23.150000000000002,23.267666666666667,23.069416666666665,23.06866666666667,22.772750000000002
Thailand,,26.590666666666667,26.653333333333332,26.29116666666667,26.297083333333333,26.477,26.529916666666665,26.1855,26.635166666666667,27.379666666666665,26.222250000000003,26.302166666666665,26.679833333333335,26.786083333333334,26.649,26.5,26.833166666666667,26.744833333333332,26.636916666666668,26.221999999999998,26.648083333333332,27.389666666666667,26.251666666666665,27.289,27.864875
Timor Leste,,26.461333333333332,26.210583333333332,26.648833333333332,26.309916666666666,25.976583333333334,26.442583333333335,26.480500000000003,26.162833333333335,26.97075,26.105,26.087,26.393416666666667,26.617583333333332,26.605333333333334,26.468999999999998,26.860166666666668,26.202749999999998,26.47791666666667,26.306916666666666,26.642583333333334,26.79225,26.020333333333337,26.206083333333336,26.3125
Togo,,27.516833333333334,27.056833333333334,26.9755,27.23675,27.081666666666667,27.311333333333334,27.305833333333336,27.22541666666667,27.805583333333335,27.280333333333335,27.44241666666667,27.4105,27.497249999999998,27.666749999999997,27.53491666666667,27.766666666666666,27.768500000000003,27.863833333333332,27.464916666666667,27.710333333333335,28.059416666666667,27.772000000000002,27.419916666666666,27.718
Tonga,,23.639750000000003,23.58791666666667,23.576166666666666,23.192333333333334,23.22775,23.890083333333333,23.993666666666666,23.386416666666666,24.13383333333333,23.869500000000002,24.028666666666666,23.99508333333333,23.89316666666667,23.9195,23.891583333333333,23.792083333333334,23.816000000000003,24.178583333333336,23.848583333333334,23.136916666666668,24.11441666666667,24.236666666666668,23.84166666666667,24.285875
Trinidad And Tobago,,26.6615,26.529,26.49866666666667,26.737083333333334,26.6075,27.00791666666667,26.573416666666663,26.681250000000002,27.32641666666667,26.867666666666665,26.62708333333333,26.9485,26.854249999999997,27.126083333333337,26.800916666666666,27.20325,27.069833333333335,26.898,26.826666666666668,27.04025,27.546333333333333,27.017666666666667,27.02775,27.086625
Tunisia,,20.929,19.92475,20.033166666666666,20.567666666666668,21.266000000000002,20.68316666666667,20.5275,21.084,20.761333333333337,21.65691666666667,21.1405,21.70125,21.328416666666666,21.47758333333333,20.945083333333333,20.84575,21.31,21.154666666666667,21.204583333333336,21.092499999999998,21.609750000000002,20.994916666666665,21.479166666666668,21.887125
Turkey,,12.032499999999999,11.751083333333334,10.516666666666667,11.277416666666667,12.744833333333334,12.188833333333333,12.405916666666668,11.568,12.883166666666668,13.08725,12.201916666666667,13.28325,12.338999999999999,12.331333333333335,12.310166666666667,12.432916666666666,12.450083333333334,12.815333333333333,12.657833333333334,12.814833333333333,14.281666666666666,11.914500000000002,12.854416666666667,14.026625
Turkmenistan,,15.926416666666666,15.521083333333332,15.036833333333334,14.735416666666667,15.356416666666668,16.52091666666667,15.327,16.335,16.162583333333334,16.3785,16.398166666666665,16.573833333333333,16.379583333333333,15.642416666666668,16.663833333333333,16.579166666666666,16.51,16.302083333333332,15.858083333333333,16.355416666666667,17.043833333333335,15.786166666666666,15.855833333333335,18.613500000000002
Turks And Caicas Islands,,27.33683333333333,27.294416666666667,27.077250000000003,27.05525,27.504416666666668,27.389,26.93416666666667,27.868,27.743750000000002,27.231583333333333,26.956916666666668,27.246083333333335,27.70141666666667,27.81533333333333,27.53091666666667,27.49716666666667,27.44558333333333,27.5975,27.428,27.439333333333334,27.296333333333337,27.435000000000002,27.412583333333334,27.440555555555555
Uganda,,23.267083333333336,23.176000000000002,23.295416666666668,23.39091666666667,23.415583333333334,23.571583333333333,23.3005,23.813666666666666,23.744249999999997,23.28408333333333,23.560916666666667,23.405833333333334,23.8305,23.843833333333333,23.811916666666665,24.029833333333332,23.770083333333332,23.4905,23.49625,24.047166666666666,23.92233333333333,23.72675,23.805666666666667,24.024625
Ukraine,,9.400833333333333,8.300166666666668,8.37975,7.458416666666666,8.80725,8.709083333333334,7.552583333333334,7.604583333333333,8.455583333333333,9.50725,9.316333333333334,8.938666666666666,9.377166666666666,8.219666666666667,8.850499999999998,8.917333333333334,8.454666666666666,10.055416666666666,9.55975,9.4285,9.453000000000001,8.790833333333333,9.290666666666667,10.913499999999999
United Arab Emirates,,28.260083333333338,27.697083333333335,27.28408333333333,28.07041666666667,28.397416666666672,27.986333333333334,28.31925,28.12066666666667,29.292583333333337,29.298416666666668,28.877750000000002,29.009583333333335,29.058000000000003,29.228333333333335,29.104000000000003,28.99291666666667,28.984083333333334,29.15608333333333,28.685000000000002,29.12766666666667,29.671333333333337,29.205416666666668,29.425833333333333,29.370625000000004
United Kingdom,,9.674583333333333,8.828333333333333,9.025,8.66975,9.15075,9.419583333333334,8.551166666666667,9.644250000000001,9.46275,9.663333333333332,9.379666666666667,9.140083333333335,9.679666666666668,9.742083333333333,9.737333333333334,9.65525,9.943416666666666,9.797500000000001,9.34825,9.453333333333333,8.394333333333334,9.907916666666667,9.037416666666667,8.9975
United Kingdom (Europe),,9.857833333333334,8.9975,9.192666666666666,8.769499999999999,9.330666666666668,9.626666666666667,8.6585,9.85525,9.585333333333333,9.830083333333333,9.5655,9.288666666666666,9.905833333333334,9.9445,9.892666666666667,9.847333333333333,10.128833333333334,10.021166666666668,9.505,9.630583333333332,8.479833333333334,10.085166666666666,9.185166666666666,9.10825
United States,,9.521583333333334,9.493666666666666,9.056333333333333,8.86725,9.270333333333333,9.331000000000001,8.754333333333333,9.172916666666667,10.141166666666667,9.567,9.64975,9.785583333333333,9.816166666666666,9.755083333333333,9.6675,9.892666666666667,9.9745,9.8375,8.951416666666667,9.137083333333333,9.505583333333334,9.549916666666666,10.261083333333334,11.297111111111112
Uruguay,,17.70358333333333,17.973916666666668,17.528833333333335,17.646416666666667,18.131916666666665,17.66475,17.874166666666667,18.3655,17.5215,17.60775,17.75675,18.57425,17.993916666666667,17.604666666666667,18.06083333333333,18.194416666666665,18.24041666666667,17.516166666666667,18.2805,17.871333333333336,17.920083333333334,17.824583333333333,18.509,16.754375
Uzbekistan,,13.463083333333332,13.031083333333333,12.863333333333335,11.956000000000001,12.639166666666666,13.971333333333334,12.45225,13.84725,13.245,13.908500000000002,13.938833333333335,13.998,13.871916666666666,13.157666666666666,14.442,14.043999999999999,13.78625,13.928333333333333,13.309,13.700333333333333,14.325916666666666,13.141083333333334,13.144166666666669,16.18825
Venezuela,,25.59475,25.5065,25.593333333333334,25.468,25.506500000000003,25.921583333333334,25.5985,25.752666666666666,26.159000000000002,25.344833333333337,25.388499999999997,25.771333333333335,25.772166666666667,26.008333333333336,25.817833333333336,26.019416666666668,25.84991666666667,25.854083333333335,25.64825,26.08491666666667,26.15025,25.677333333333333,25.688583333333337,25.912875
Vietnam,,24.274083333333333,24.2765,23.851250000000004,23.935666666666666,24.15941666666667,23.919,23.749666666666666,24.22266666666667,24.899833333333333,24.06641666666667,23.981916666666667,24.184916666666666,24.39375,24.49775,24.056916666666666,24.298000000000002,24.523083333333332,24.302166666666665,23.784000000000002,24.46558333333333,24.833333333333332,23.692583333333335,24.704333333333334,25.232125
Virgin Islands,,26.82166666666667,26.777583333333336,26.776416666666666,26.9305,27.040750000000003,27.228916666666667,26.743583333333333,27.114666666666665,27.452333333333332,26.99825,26.730583333333332,27.133166666666668,27.297833333333333,27.376583333333333,27.02925,27.424666666666667,27.37483333333333,27.47,26.924000000000003,27.238500000000002,27.593666666666667,27.15925,27.360166666666668,27.312333333333335
Western Sahara,,23.401916666666665,22.640333333333334,22.734499999999997,22.301916666666667,22.9445,23.37108333333333,23.262249999999998,23.643333333333334,23.690166666666666,22.836250000000003,23.020083333333332,23.704916666666666,23.457833333333337,23.408916666666666,23.420666666666666,23.507666666666665,23.441833333333335,23.145416666666666,23.323083333333333,23.381083333333333,24.114250000000002,23.40125,23.303416666666664,23.74425
Yemen,,26.640666666666664,26.594416666666664,26.266499999999997,26.402,26.994250000000005,26.57766666666667,26.546166666666668,26.94,27.368666666666666,27.353583333333333,27.436166666666665,27.068916666666667,27.12516666666667,27.35775,27.334083333333336,27.294666666666668,27.175,27.31075,26.8075,27.34241666666667,27.30275,27.28825,27.445000000000004,28.12975
Zambia,,22.219333333333335,21.62891666666667,22.414666666666665,21.711583333333333,21.84658333333333,22.45141666666667,22.018083333333333,21.949749999999998,22.300666666666668,21.45175,21.55875,21.80241666666667,22.292416666666668,22.156750000000002,21.768083333333333,22.8135,21.78425,21.8385,21.535833333333333,21.67025,22.2675,21.771583333333336,21.69775,21.195999999999998
Zimbabwe,,22.13025,21.789666666666665,22.840333333333334,21.852249999999998,21.60875,22.496333333333336,21.55316666666667,21.566666666666666,22.142166666666668,21.486333333333334,21.149,21.69366666666667,22.081083333333336,21.89125,21.330916666666667,22.50991666666667,21.618750000000002,21.604249999999997,21.545583333333337,21.37725,21.98625,21.602416666666667,21.521333333333335,20.71075
Åland,,7.221416666666666,6.433666666666666,6.782333333333334,5.90675,5.899500000000001,6.200166666666667,5.2363333333333335,6.67425,5.84125,6.763999999999999,7.283333333333334,6.4014999999999995,6.801083333333334,6.323416666666667,6.518666666666667,6.724083333333333,7.100583333333333,7.029,7.492249999999999,6.489083333333333,4.861916666666667,7.170750000000001,6.063916666666667,6.229749999999999
