Country Name,Country Code,1990,1991,1992,1993,1994,1995,1996,1997,1998,1999,2000,2001,2002,2003,2004,2005,2006,2007,2008,2009,2010,2011,2012,2013,2014,2015,2016,2017,2018,2019,2020
Aruba,ABW,764804469.3,872067039.1,958659217.9,1083240223.0,1245810056.0,1320670391.0,1379888268.0,1531843575.0,1665363128.0,1722905028.0,1873184358.0,1896648045.0,1962011173.0,2044134078.0,2254748603.0,2359776536.0,2469832402.0,2677653631.0,2843016760.0,2553631285.0,2453631285.0,2637988827.0,2615083799.0,2727932961.0,2791061453.0,2963128492.0,2983798883.0,3092178771.0,3276187709.0,3395793855.0,2610038939.0
Afghanistan,AFG,,,,,,,,,,,,,3854235264.0,4539496563.0,5220825049.0,6226198935.0,6971383339.0,9715765105.0,10249770319.0,12154835708.0,15633843662.0,18190413832.0,20203572960.0,20564485419.0,20550582747.0,19998143636.0,18019554403.0,18896353156.0,18418860354.0,18904502222.0,20143451706.0
Angola,AGO,11229515599.0,12704558517.0,15114352005.0,11051939102.0,3390500000.0,5561222222.0,7526963964.0,7648377413.0,6506229607.0,6152922943.0,9129594819.0,8936079253.0,15285592487.0,17812704626.0,23552057820.0,36970901025.0,52381025105.0,65266415707.0,88538664888.0,70307196477.0,81699526881.0,109437000000.0,124998000000.0,133402000000.0,137244000000.0,87219300385.0,49840491178.0,68972769396.0,77792944472.0,69309110146.0,50241368244.0
Albania,ALB,2028553750.0,1099559028.0,652174990.8,1185315468.0,1880950858.0,2392764853.0,3199640826.0,2258513974.0,2545964541.0,3212121651.0,3480355258.0,3922100794.0,4348068242.0,5611496257.0,7184685782.0,8052077209.0,8896074996.0,10677324873.0,12881352878.0,12044205572.0,11926926654.0,12890760273.0,12319834233.0,12776224537.0,13228147516.0,11386853143.0,11861199831.0,13019726212.0,15156424062.0,15401826081.0,15162734205.0
Andorra,AND,1028989394.0,1106891025.0,1209992650.0,1007090915.0,1017544675.0,1178745314.0,1224023416.0,1180646068.0,1211953954.0,1239840270.0,1429048106.0,1546912332.0,1755989899.0,2361635782.0,2895047587.0,3159826892.0,3456265062.0,3952397735.0,4085781939.0,3674188229.0,3449925739.0,3629133575.0,3188652765.0,3193512950.0,3271685597.0,2789881259.0,2896610480.0,3000162081.0,3218419897.0,3155149348.0,2891001149.0
United Arab Emirates,ARE,50701443748.0,51552165622.0,54239171888.0,55625170253.0,59305093980.0,65743666576.0,73571233996.0,78839008445.0,75674336283.0,84445473111.0,104337000000.0,103312000000.0,109816000000.0,124346000000.0,147824000000.0,180617000000.0,222117000000.0,257916000000.0,315475000000.0,253547000000.0,289787000000.0,350666000000.0,384610000000.0,400219000000.0,414105000000.0,370275000000.0,369255000000.0,390517000000.0,427049000000.0,417990000000.0,349473000000.0
Argentina,ARG,141353000000.0,189720000000.0,228779000000.0,236742000000.0,257440000000.0,258032000000.0,272150000000.0,292859000000.0,298948000000.0,283523000000.0,284204000000.0,268697000000.0,97724004252.0,127587000000.0,164658000000.0,198737000000.0,232557000000.0,287531000000.0,361558000000.0,332976000000.0,423627000000.0,530158000000.0,545982000000.0,552025000000.0,526320000000.0,594749000000.0,557532000000.0,643628000000.0,524820000000.0,447755000000.0,385540000000.0
Armenia,ARM,2256838858.0,2069870130.0,1272835453.0,1201312829.0,1315158637.0,1468317435.0,1596968946.0,1639492445.0,1893726437.0,1845482173.0,1911563669.0,2118467913.0,2376335048.0,2807061009.0,3576615240.0,4900469515.0,6384452071.0,9206301264.0,11662040704.0,8647937091.0,9260285762.0,10142111812.0,10619320693.0,11121464430.0,11609513241.0,10553337528.0,10546136240.0,11527458713.0,12457940705.0,13619290546.0,12641698594.0
American Samoa,ASM,,,,,,,,,,,,,512000000.0,524000000.0,509000000.0,500000000.0,493000000.0,518000000.0,560000000.0,675000000.0,573000000.0,570000000.0,640000000.0,638000000.0,643000000.0,673000000.0,671000000.0,612000000.0,639000000.0,647000000.0,716000000.0
Antigua and Barbuda,ATG,459470370.4,481707407.4,499281481.5,535174074.1,589429629.6,577281481.5,633729629.6,680618518.5,727859259.3,766200000.0,826370370.4,800481481.5,814381481.5,856396296.3,919729629.6,1022962963.0,1157662963.0,1312759259.0,1370070370.0,1228329630.0,1148700000.0,1137637037.0,1199948148.0,1181448148.0,1249733333.0,1336692593.0,1436585185.0,1467955556.0,1604770370.0,1675403704.0,1416348148.0
Australia,AUS,311431000000.0,325982000000.0,325532000000.0,312138000000.0,322809000000.0,368141000000.0,401311000000.0,435614000000.0,399661000000.0,389390000000.0,415845000000.0,379358000000.0,395573000000.0,467498000000.0,614326000000.0,695305000000.0,747907000000.0,854427000000.0,1055690000000.0,928630000000.0,1148570000000.0,1398460000000.0,1546950000000.0,1576330000000.0,1467590000000.0,1350580000000.0,1206560000000.0,1326470000000.0,1428270000000.0,1392220000000.0,1326940000000.0
Austria,AUT,166463000000.0,173794000000.0,195078000000.0,190380000000.0,203535000000.0,241038000000.0,237251000000.0,212790000000.0,218260000000.0,217259000000.0,197290000000.0,197509000000.0,214395000000.0,262274000000.0,301458000000.0,316092000000.0,336280000000.0,389186000000.0,432052000000.0,401759000000.0,392275000000.0,431685000000.0,409402000000.0,430191000000.0,442585000000.0,381971000000.0,395837000000.0,417261000000.0,454991000000.0,444621000000.0,435225000000.0
Azerbaijan,AZE,8858006042.0,5344000000.0,444658671.6,1570392598.0,1193141110.0,2417332562.0,3176507992.0,3962362387.0,4446370371.0,4581246713.0,5272617196.0,5707618247.0,6236086669.0,7276413079.0,8680410158.0,13245421881.0,20981929498.0,33049426816.0,48851318826.0,44292408817.0,52909294792.0,65952763949.0,69679913510.0,74160553009.0,75239737489.0,53076244755.0,37867007023.0,40866632048.0,47112479289.0,48174235294.0,42693000000.0
Burundi,BDI,1132101253.0,1167398478.0,1083037671.0,938632612.0,925030590.2,1000428394.0,869033856.3,972896267.9,893770739.5,808077223.4,870486065.9,876794723.1,825394519.7,784654423.6,915257323.4,1117113080.0,1273375078.0,1356199387.0,1611835857.0,1781455140.0,2032135191.0,2235820809.0,2333341334.0,2451606632.0,2705783330.0,3104003546.0,2644487777.0,2723586962.0,2667182199.0,2576518879.0,2649680261.0
Belgium,BEL,205332000000.0,210511000000.0,234782000000.0,224722000000.0,244884000000.0,288026000000.0,279201000000.0,252708000000.0,258528000000.0,258246000000.0,236792000000.0,236746000000.0,258384000000.0,318083000000.0,369215000000.0,385715000000.0,408260000000.0,470922000000.0,517328000000.0,483254000000.0,481421000000.0,523330000000.0,496153000000.0,521791000000.0,535390000000.0,462336000000.0,476063000000.0,502765000000.0,543299000000.0,535866000000.0,525213000000.0
Benin,BEN,1959965330.0,1986437798.0,1695315306.0,2274558079.0,1598075945.0,2169627138.0,2361116448.0,2268301645.0,2455092688.0,3677393997.0,3519991440.0,3666222634.0,4194342689.0,5349258093.0,6190270377.0,6567654959.0,7034111316.0,8169048375.0,9787734517.0,9738626510.0,9535345011.0,10693321370.0,11141358106.0,12517845128.0,13284527850.0,11388160997.0,11821065852.0,12701655846.0,14262408080.0,14391686309.0,15651545209.0
Burkina Faso,BFA,3101300779.0,3135045586.0,3356692508.0,3199536460.0,1895290638.0,2379517976.0,2586550594.0,2447669100.0,2804902369.0,3389566711.0,2968370087.0,3190371080.0,3622350066.0,4740768141.0,5451688535.0,6146353177.0,6547419822.0,7625722829.0,9451435481.0,9450696866.0,10109619736.0,12080295985.0,12561015145.0,13444300490.0,13943016080.0,11832159316.0,12833363044.0,14106955625.0,15890066210.0,16178161666.0,17933606213.0
Bangladesh,BGD,31598341233.0,30957483950.0,31708874594.0,33166519418.0,33768660883.0,37939748769.0,46438484108.0,48244309133.0,49984559471.0,51270569884.0,53369787319.0,53991289844.0,54724081491.0,60158929188.0,65108544250.0,69442943089.0,71819083684.0,79611888213.0,91631278239.0,102478000000.0,115279000000.0,128638000000.0,133356000000.0,149991000000.0,172885000000.0,195079000000.0,265236000000.0,293755000000.0,321379000000.0,351238000000.0,373902000000.0
Bulgaria,BGR,20632090909.0,10943548387.0,10350515464.0,10832228507.0,9697416974.0,18991531543.0,12294987876.0,11316126258.0,15031052201.0,13627325461.0,13245990274.0,14183443862.0,16403043850.0,21144962058.0,26157744753.0,29868651533.0,34380543845.0,44432811756.0,54480697770.0,52023813558.0,50754203891.0,57735709914.0,54290156342.0,55844245264.0,57159557805.0,50828088836.0,53987487124.0,59343060706.0,66399602077.0,68911930628.0,70404359049.0
Bahrain,BHR,4229787234.0,4616223404.0,4751063830.0,5200266107.0,5567553976.0,5849468273.0,6101861964.0,6349202985.0,6183777212.0,6621010739.0,9062898936.0,8976196809.0,9593510638.0,11074813830.0,13150159574.0,15968723404.0,18504760638.0,21730000000.0,25710904255.0,22938218085.0,25713271277.0,28776595745.0,30749308511.0,32539468085.0,33387712766.0,31050638298.0,32234973404.0,35473776596.0,37802005319.0,38653318085.0,34621807713.0
"Bahamas, The",BHS,3166000000.0,3111160000.0,3109000000.0,3092000000.0,3259000000.0,3429000000.0,3609000000.0,6332360000.0,6833220000.0,7683870000.0,8076470000.0,8317830000.0,8881160000.0,8870090000.0,9055290000.0,9836200000.0,10167250000.0,10618340000.0,10526000000.0,9981960000.0,10095760000.0,10070450000.0,10720500000.0,10562800000.0,11176100000.0,11672900000.0,11750800000.0,12253500000.0,12653600000.0,13058700000.0,9754600000.0
Bosnia and Herzegovina,BIH,,,,,1255802469.0,1866572954.0,2786045322.0,3671910026.0,4116775275.0,4686255381.0,5567774049.0,5800616572.0,6728219507.0,8498893358.0,10156541358.0,11222796197.0,12864842269.0,15778737117.0,19112801197.0,17613946109.0,17176320823.0,18644239028.0,17226736285.0,18179104549.0,18558731213.0,16404352156.0,17116926092.0,18326376394.0,20484048416.0,20482603346.0,20226030731.0
Belarus,BLR,21650000000.0,18000000000.0,17037037037.0,16280991736.0,14932024169.0,13972676841.0,14756846154.0,14128408566.0,15222012660.0,12138486532.0,12736856828.0,12354820144.0,14594928109.0,17825437483.0,23141593074.0,30210091837.0,36961822468.0,45275747157.0,60752177439.0,50873181572.0,57231904543.0,61762340943.0,65685903570.0,75527537703.0,78812785768.0,56454895055.0,47723549319.0,54725311690.0,60031163987.0,64410112583.0,61371755326.0
Belize,BLZ,549500000.0,599000000.0,693500000.0,751000000.0,771500000.0,818500000.0,851500000.0,868000000.0,914000000.0,975000000.0,1116000000.0,1163000000.0,1233000000.0,1298000000.0,1389500000.0,1461500000.0,1581000000.0,1696000000.0,1729000000.0,1680500000.0,1738500000.0,1819500000.0,1903000000.0,2029500000.0,2138000000.0,2210500000.0,2258500000.0,2286000000.0,2315000000.0,2416500000.0,2080000000.0
Bermuda,BMU,1592400000.0,1634900000.0,1679900000.0,1820359900.0,1867160100.0,2030750000.0,2695390000.0,2932827000.0,3130748000.0,3324433000.0,3480219000.0,3680483000.0,3937228000.0,4186525000.0,4484703000.0,4868136000.0,6144000000.0,6767000000.0,6980000000.0,6656000000.0,6634526000.0,6312691000.0,6378188000.0,6465756000.0,6413988000.0,6654541000.0,6899911000.0,7142316000.0,7225977000.0,7423465000.0,6887147000.0
Bolivia,BOL,4867582598.0,5343261960.0,5643869231.0,5734699041.0,5981223290.0,6715162199.0,7396948398.0,7925736319.0,8497494138.0,8285063959.0,8397855937.0,8141517339.0,7905485146.0,8082399991.0,8773451752.0,9549122313.0,11451845379.0,13120107739.0,16674276979.0,17339992194.0,19649724656.0,23963162969.0,27084497482.0,30659338886.0,32996188017.0,33000198249.0,33941126194.0,37508642171.0,40287647931.0,40895322851.0,36629843806.0
Brazil,BRA,464989000000.0,407729000000.0,390567000000.0,438300000000.0,546230000000.0,769333000000.0,850426000000.0,883206000000.0,863711000000.0,599642000000.0,655448000000.0,559984000000.0,509795000000.0,558234000000.0,669289000000.0,891634000000.0,1107630000000.0,1397110000000.0,1695860000000.0,1667000000000.0,2208840000000.0,2616160000000.0,2465230000000.0,2472820000000.0,2456040000000.0,1802210000000.0,1795690000000.0,2063510000000.0,1916930000000.0,1873290000000.0,1476110000000.0
Barbados,BRB,2012131457.0,2020583702.0,1957000000.0,2063342117.0,2151344901.0,2216974096.0,2363645403.0,2498384130.0,2817083478.0,2951822205.0,3059500000.0,3054500000.0,3106500000.0,3209500000.0,3444500000.0,3819500000.0,4217450800.0,4674007450.0,4784925100.0,4465657300.0,4529928300.0,4657699450.0,4610096000.0,4677248300.0,4696344350.0,4724691200.0,4832811750.0,4981588900.0,5097283200.0,5324250000.0,4671800000.0
Brunei Darussalam,BRN,3520486980.0,3701774189.0,4183633796.0,4105729444.0,4087219773.0,4734103536.0,5115454694.0,5197312555.0,4051143193.0,4600117604.0,6001280944.0,5601020247.0,5843367180.0,6557395816.0,7872201251.0,9531417164.0,11470462365.0,12247680703.0,14393437610.0,10732592999.0,13707275498.0,18525128230.0,19048443089.0,18094326393.0,17097801092.0,12930292949.0,11400467372.0,12128182464.0,13567164445.0,13469240163.0,12005795915.0
Bhutan,BTN,287765007.1,240294282.5,240233528.1,225973695.3,258954703.9,290490986.8,303408342.8,352229078.3,363458380.9,399311196.4,424448931.0,461479580.2,520846131.7,603999372.4,682577073.5,796938572.0,874989734.7,1168307575.0,1227809261.0,1234015142.0,1547990907.0,1777102586.0,1781280170.0,1756214304.0,1907090362.0,2003596824.0,2158971718.0,2450366108.0,2446867582.0,2535655609.0,2325185521.0
Botswana,BWA,3790636664.0,3942877354.0,4146464587.0,4160129175.0,4259258811.0,4730599691.0,4847757704.0,5020265168.0,4790481509.0,5484263050.0,5788329609.0,5489608300.0,5438864269.0,7511582173.0,8957467707.0,9918907108.0,9919158482.0,10567270656.0,10730828592.0,10118459714.0,12637273429.0,15110642876.0,13907464500.0,14271738367.0,15470087926.0,13530749290.0,15082636723.0,16105156376.0,17031943186.0,16725908662.0,14960291541.0
Central African Republic,CAF,1440711459.0,1377374988.0,1411917554.0,1278781259.0,851174357.3,1115389674.0,1007791127.0,937741512.4,967338390.4,999477510.7,916777282.7,932648604.4,996068145.6,1142315522.0,1272360517.0,1337894380.0,1461859763.0,1699811293.0,1993407887.0,2067381664.0,2142591539.0,2437982707.0,2510126510.0,1691544111.0,1894813390.0,1695825714.0,1825018144.0,2072349974.0,2220979145.0,2221301351.0,2326720902.0
Canada,CAN,596089000000.0,612514000000.0,594376000000.0,579059000000.0,579944000000.0,605941000000.0,630598000000.0,654988000000.0,633998000000.0,678410000000.0,744773000000.0,738963000000.0,760649000000.0,895541000000.0,1026690000000.0,1173110000000.0,1319260000000.0,1468820000000.0,1552990000000.0,1374630000000.0,1617340000000.0,1793330000000.0,1828370000000.0,1846600000000.0,1805750000000.0,1556510000000.0,1527990000000.0,1649270000000.0,1725300000000.0,1743730000000.0,1647600000000.0
Switzerland,CHE,265772000000.0,268903000000.0,279918000000.0,272234000000.0,301377000000.0,352845000000.0,340101000000.0,294786000000.0,303456000000.0,297883000000.0,279209000000.0,286580000000.0,309300000000.0,362088000000.0,403914000000.0,418293000000.0,441619000000.0,490755000000.0,567273000000.0,554192000000.0,598851000000.0,715888000000.0,686420000000.0,706235000000.0,726538000000.0,694118000000.0,687895000000.0,695201000000.0,725563000000.0,721369000000.0,739914000000.0
Channel Islands,CHI,,,,,,,,,5945677377.0,6262740657.0,6439703435.0,6232906290.0,6663669065.0,7332244898.0,8553643354.0,8827272727.0,9676172953.0,11514605842.0,,,,,,,,,9511207129.0,9530244530.0,10422948632.0,10381669645.0,9811538462.0
Chile,CHL,33113525804.0,37835245156.0,45964855774.0,49298281356.0,57008877553.0,73446446283.0,78575020639.0,85728899954.0,81995749804.0,75596598517.0,78249883996.0,71517267768.0,70295232513.0,76507853876.0,99079365628.0,122315000000.0,153840000000.0,172566000000.0,179663000000.0,171413000000.0,217105000000.0,251225000000.0,267176000000.0,277239000000.0,259405000000.0,242497000000.0,249299000000.0,276365000000.0,295403000000.0,278493000000.0,254096000000.0
China,CHN,360858000000.0,383373000000.0,426916000000.0,444731000000.0,564322000000.0,734485000000.0,863749000000.0,961602000000.0,1029060000000.0,1094010000000.0,1211330000000.0,1339400000000.0,1470560000000.0,1660280000000.0,1955350000000.0,2285960000000.0,2752120000000.0,3550330000000.0,4594340000000.0,5101690000000.0,6087190000000.0,7551550000000.0,8532190000000.0,9570470000000.0,10475600000000.0,11061600000000.0,11233300000000.0,12310500000000.0,13894900000000.0,14280000000000.0,14687700000000.0
Cote d'Ivoire,CIV,10795850585.0,10492628588.0,11152971284.0,11045760269.0,8313557515.0,11000146269.0,18071152821.0,18047558027.0,19619654770.0,18870992456.0,16577533892.0,16810537038.0,18054383334.0,21251754335.0,23510575669.0,24036918719.0,25281413268.0,28760090924.0,34078240260.0,33886813225.0,34936307964.0,36693710822.0,36302302844.0,42760235496.0,48843005625.0,45815005171.0,48407761032.0,52512344034.0,58522477745.0,59898479821.0,62982768372.0
Cameroon,CMR,12314482630.0,11840192304.0,12071775346.0,16181814684.0,8902446258.0,10864772473.0,11093538841.0,10789458426.0,11298144999.0,11565826459.0,10566579295.0,10953485345.0,12417251342.0,15970315030.0,18826214125.0,19509852219.0,20910512978.0,23928250410.0,27715142006.0,27932970297.0,27507501809.0,30630910513.0,30155062303.0,33728621190.0,36386544716.0,32210233022.0,33814337041.0,36098547059.0,39973842059.0,39670976440.0,40773241212.0
"Congo, Dem. Rep.",COD,9349764580.0,9625436873.0,8227343907.0,10706259937.0,5820382248.0,5643439376.0,5771454940.0,6090840548.0,6217806273.0,4711259427.0,19088046306.0,7438189100.0,8728038525.0,8937567060.0,10297483481.0,11964484458.0,14451901696.0,16737071816.0,19788515579.0,18648372545.0,21565721036.0,25839749199.0,29306235295.0,32679745036.0,35909040944.0,37917706486.0,37134801549.0,38019264805.0,47568210021.0,51775829869.0,48716961865.0
"Congo, Rep.",COG,2798746051.0,2724853508.0,2933222706.0,2684323618.0,1769365439.0,2116003868.0,2540697538.0,2322719101.0,1949481381.0,2354772959.0,3227927697.0,2796704603.0,3034250926.0,3503723087.0,4656974938.0,6650001685.0,8072305031.0,8782703428.0,11649857662.0,9723299908.0,13148396206.0,15655383586.0,17692911281.0,17958720704.0,17912907682.0,11890259177.0,10219341017.0,11094823677.0,13670038020.0,12750338736.0,10483151094.0
Colombia,COL,47844090710.0,49637993949.0,58394443349.0,66474101329.0,81705497617.0,92495970511.0,97153389011.0,106656000000.0,98486358604.0,86278947621.0,99875074935.0,98200641189.0,97945812790.0,94644969146.0,117092000000.0,145601000000.0,161793000000.0,206230000000.0,242504000000.0,232469000000.0,286499000000.0,334966000000.0,370691000000.0,382094000000.0,381241000000.0,293492000000.0,282720000000.0,311867000000.0,334198000000.0,323032000000.0,270151000000.0
Comoros,COM,429622178.0,424108769.1,457388651.9,452881475.1,319189184.3,398461796.7,396053806.4,364445600.1,370106746.0,382454989.9,351136579.8,378512024.1,425964681.1,546885223.2,633706110.4,653845169.2,698431794.5,795673153.2,915659107.8,905341174.0,907978731.7,1023086273.0,1015843491.0,1116224107.0,1149587660.0,966029599.8,1012835493.0,1077439756.0,1188797450.0,1195019531.0,1225039196.0
Cabo Verde,CPV,306890961.2,319827058.6,357160985.3,490417389.7,406580652.3,487148993.5,501979271.9,490608657.9,521910560.5,592416703.1,539227277.6,563090488.9,620507385.7,813260468.9,924940012.9,972241682.1,1107571459.0,1649621735.0,1959620653.0,1852334581.0,1824751460.0,2046817975.0,1913081206.0,2028910915.0,2041930125.0,1749857628.0,1849789993.0,1996741545.0,2205099509.0,2266752197.0,1878277311.0
Costa Rica,CRI,5711687787.0,7196276092.0,8564041895.0,9582868510.0,10486787030.0,11578594260.0,11678424507.0,12614602382.0,13684255947.0,14254866281.0,15013629659.0,15976174337.0,16578820687.0,17271760507.0,18610594846.0,20040642477.0,22715540324.0,26884700345.0,30801744881.0,30745714327.0,37658614803.0,42762613706.0,47231655433.0,50949668886.0,52016408924.0,56441920824.0,58847019585.0,60516044623.0,62420164965.0,64417670556.0,62395610764.0
Cuba,CUB,28645436569.0,24316556026.0,22085858243.0,22367254865.0,28448326757.0,30429803651.0,25017368700.0,25365908100.0,25736331200.0,28364615200.0,30565400000.0,31682400000.0,33590500000.0,35901200000.0,38203000000.0,42643836100.0,48835925926.0,54262870370.0,56302129630.0,57481481481.0,59562962963.0,68990000000.0,73141000000.0,77148000000.0,80656000000.0,87133000000.0,91370000000.0,96851000000.0,100050000000.0,103428000000.0,107352000000.0
Curacao,CUW,,,,,,,,,,,,,,,,,,,,,,2933128492.0,3024525140.0,3039944134.0,3048435754.0,3042737430.0,3014748603.0,3009497207.0,3020388827.0,2995185475.0,2496174749.0
Cayman Islands,CYM,,,,,,,,,,,,,,,,,4200288282.0,4466278031.0,4585948969.0,4281714618.0,4156841164.0,4186073160.0,4291004486.0,4405796081.0,4562853582.0,4708167255.0,4909322200.0,5166281293.0,5530178499.0,5941896600.0,5647224973.0
Cyprus,CYP,5591130218.0,5770197348.0,6912150456.0,6590291048.0,7425703929.0,9933133247.0,10011918444.0,9547818700.0,10248617647.0,10497908306.0,9985844486.0,10397897086.0,11420227885.0,14547325028.0,17320552500.0,18433411267.0,20072786351.0,23968764030.0,27844698989.0,25945391775.0,25799940416.0,27641551809.0,25047433100.0,23959708956.0,23225912183.0,19909269065.0,21046452117.0,22946583376.0,25597301191.0,25945194240.0,25008266159.0
Czechia,CZE,40728950705.0,29859921159.0,34805013230.0,40866982340.0,47850065329.0,60145663259.0,67388492014.0,62180519006.0,66807498696.0,65173036731.0,61823494487.0,67808695574.0,82196206090.0,100090000000.0,119815000000.0,137143000000.0,156264000000.0,190184000000.0,236817000000.0,207434000000.0,209070000000.0,229563000000.0,208858000000.0,211686000000.0,209359000000.0,188033000000.0,196272000000.0,218629000000.0,249001000000.0,252548000000.0,245975000000.0
Germany,DEU,1771670000000.0,1868950000000.0,2131570000000.0,2071320000000.0,2205070000000.0,2585790000000.0,2497240000000.0,2211990000000.0,2238990000000.0,2194950000000.0,1947980000000.0,1945790000000.0,2078480000000.0,2501640000000.0,2814350000000.0,2846860000000.0,2994700000000.0,3425580000000.0,3745260000000.0,3411260000000.0,3399670000000.0,3749310000000.0,3527140000000.0,3733800000000.0,3889090000000.0,3357590000000.0,3469850000000.0,3690850000000.0,3974440000000.0,3888230000000.0,3889670000000.0
Djibouti,DJI,452328087.3,462421998.5,478058304.9,466048469.2,491689220.7,497723960.6,494004647.7,502675542.0,514267869.3,536080148.1,551230861.9,572417440.8,591122039.6,622044665.5,666072101.8,708633194.7,768873684.0,847918929.1,999105339.3,1049110685.0,1128611700.0,1239144502.0,1353632942.0,2042817163.0,2214679081.0,2424391785.0,2604955229.0,2762581334.0,2913466732.0,3088853639.0,3181071154.0
Dominica,DMA,201429629.6,219762963.0,234059259.3,245525925.9,264374074.1,274522222.2,292285185.2,302988888.9,322411111.1,331759259.3,333470370.4,340203703.7,333196296.3,343311111.1,367200000.0,364255555.6,390251851.9,421374074.1,458188888.9,489074074.1,493825925.9,501025925.9,485996296.3,498296296.3,520207407.4,540737037.0,576229629.6,521551851.9,554770370.4,611537037.0,504214814.8
Denmark,DNK,138248000000.0,139226000000.0,152915000000.0,143195000000.0,156164000000.0,185008000000.0,187633000000.0,173539000000.0,176991000000.0,177964000000.0,164158000000.0,164791000000.0,178635000000.0,218097000000.0,251375000000.0,264467000000.0,282886000000.0,319423000000.0,353359000000.0,321243000000.0,321995000000.0,344003000000.0,327149000000.0,343584000000.0,352994000000.0,302673000000.0,313116000000.0,332121000000.0,356841000000.0,346499000000.0,355222000000.0
Dominican Republic,DOM,7073675545.0,9824483368.0,11605382504.0,13081042400.0,14644734248.0,16637370839.0,18241622256.0,20017449966.0,21672215776.0,22136579527.0,24305781112.0,25601824419.0,27137441266.0,21403168128.0,22322387610.0,35777560475.0,37879829855.0,43965459071.0,48122601590.0,48261079524.0,53860187452.0,58029773802.0,60681535894.0,62682158700.0,67179956265.0,71164826720.0,75704647977.0,79998045976.0,85555390386.0,88941371980.0,78844655833.0
Algeria,DZA,62048505222.0,45715676428.0,48003133347.0,49945585166.0,42543177031.0,41764291964.0,46941553940.0,48177612042.0,48187781711.0,48640671735.0,54790398813.0,54744698044.0,56760355865.0,67863850334.0,85332581189.0,103198000000.0,117027000000.0,134977000000.0,171001000000.0,137211000000.0,161207000000.0,200013000000.0,209059000000.0,209755000000.0,213810000000.0,165979000000.0,160034000000.0,170097000000.0,174911000000.0,171760000000.0,145744000000.0
Ecuador,ECU,15239278100.0,16988535268.0,18094238119.0,18938717359.0,22708673337.0,24432884442.0,25226393197.0,28162053027.0,27981896948.0,19645272636.0,18327764882.0,24468324000.0,28548945000.0,32432858000.0,36591661000.0,41507085000.0,46802044000.0,51007777000.0,61762635000.0,62519686000.0,69555367000.0,79276664000.0,87924544000.0,95129659000.0,101726000000.0,99290381000.0,99937696000.0,104296000000.0,107562000000.0,108108000000.0,99291124000.0
"Egypt, Arab Rep.",EGY,42978914311.0,37387836491.0,41855986519.0,46578631453.0,51897983393.0,60159245060.0,67629716981.0,78436578171.0,84828807556.0,90710704807.0,99838543960.0,96684636119.0,85146067416.0,80288461538.0,78782467532.0,89600665557.0,107426000000.0,130438000000.0,162818000000.0,189147000000.0,218984000000.0,235990000000.0,279117000000.0,288434000000.0,305595000000.0,329367000000.0,332442000000.0,248363000000.0,262589000000.0,318679000000.0,383818000000.0
Eritrea,ERI,,,477101651.6,467872714.8,531688311.7,578015625.0,693535954.2,686490090.1,745523074.7,688918508.9,706370815.6,752371683.2,729321671.4,870248293.7,1109054005.0,1098424709.0,1211161880.0,1317974491.0,1380188800.0,1856695551.0,1589515447.0,2065001626.0,,,,,,,,,
Spain,ESP,536559000000.0,577166000000.0,630916000000.0,525076000000.0,530563000000.0,614609000000.0,642589000000.0,590077000000.0,619215000000.0,634908000000.0,598363000000.0,627830000000.0,708757000000.0,907492000000.0,1069060000000.0,1153720000000.0,1260400000000.0,1474000000000.0,1631860000000.0,1491470000000.0,1422110000000.0,1480710000000.0,1324750000000.0,1355580000000.0,1371820000000.0,1196160000000.0,1233550000000.0,1313250000000.0,1421700000000.0,1394320000000.0,1276960000000.0
Estonia,EST,,,,,,4502970889.0,4786018988.0,5154420649.0,5674080543.0,5756912266.0,5686579748.0,6254649539.0,7367975888.0,9874013098.0,12145911801.0,14106790200.0,17022870405.0,22449129483.0,24341678629.0,19633031398.0,19523477326.0,23213994093.0,23019150071.0,25115753366.0,26634083965.0,22890762090.0,24072829277.0,26924385103.0,30624720196.0,31081901909.0,31370395573.0
Ethiopia,ETH,12175166763.0,13463868357.0,10492993078.0,8830712714.0,6927950565.0,7663984568.0,8547939731.0,8589233420.0,7818205972.0,7700833482.0,8242349955.0,8231326016.0,7850809498.0,8623691300.0,10131187261.0,12401139454.0,15280861835.0,19707616773.0,27066912635.0,32437389116.0,29933790334.0,31952763089.0,43310721414.0,47648276190.0,55612228234.0,64589329345.0,74296745599.0,81770886909.0,84269196152.0,95912607970.0,107658000000.0
Finland,FIN,141438000000.0,127774000000.0,112533000000.0,89214114708.0,103300000000.0,134190000000.0,132129000000.0,126912000000.0,134039000000.0,135264000000.0,126020000000.0,129533000000.0,140404000000.0,171652000000.0,197479000000.0,204885000000.0,217089000000.0,256378000000.0,285716000000.0,253498000000.0,249424000000.0,275604000000.0,258290000000.0,271362000000.0,274863000000.0,234534000000.0,240771000000.0,255648000000.0,275708000000.0,268515000000.0,271886000000.0
Fiji,FJI,1337017259.0,1383883719.0,1532411209.0,1636101247.0,1825732093.0,1970301019.0,2128696644.0,2090221137.0,1653146994.0,1936459986.0,1678219508.0,1652462063.0,1833279985.0,2300492002.0,2708078477.0,2980403465.0,3076305453.0,3378314600.0,3523185920.0,2870624636.0,3140167239.0,3779412255.0,3972028510.0,4189968870.0,4857103847.0,4682480304.0,4930213788.0,5353468388.0,5581425891.0,5481692622.0,4477030180.0
France,FRA,1269180000000.0,1269280000000.0,1401470000000.0,1322820000000.0,1393980000000.0,1601090000000.0,1605680000000.0,1452880000000.0,1503110000000.0,1493150000000.0,1365640000000.0,1377660000000.0,1501410000000.0,1844540000000.0,2119630000000.0,2196950000000.0,2320540000000.0,2660590000000.0,2930300000000.0,2700890000000.0,2645190000000.0,2865160000000.0,2683670000000.0,2811880000000.0,2855960000000.0,2439190000000.0,2472960000000.0,2595150000000.0,2790960000000.0,2728870000000.0,2639010000000.0
Faroe Islands,FRO,,,,,,,,,1104744290.0,1127684827.0,1067109509.0,1160268142.0,1275093662.0,1501941505.0,1724770867.0,1759739599.0,2017680722.0,2339015385.0,2489873331.0,2296065313.0,2331796784.0,2505740886.0,2427200583.0,2690110671.0,2914012852.0,2573906036.0,2813278761.0,2980057168.0,3188601035.0,3275684065.0,3248670978.0
"Micronesia, Fed. Sts.",FSM,147200000.0,166200000.0,178100000.0,198400000.0,202500000.0,221575300.0,218534700.0,206626300.0,218873100.0,220140500.0,233271800.0,240970900.0,242517200.0,245432900.0,240236000.0,250281900.0,253541900.0,256787200.0,263145100.0,280284600.0,296944100.0,311301600.0,327248700.0,317214400.0,319271200.0,316489900.0,332265200.0,366666800.0,401932300.0,412000000.0,408000000.0
Gabon,GAB,5952293766.0,5402919788.0,5592390833.0,4378645081.0,4190819347.0,4958845649.0,5694040000.0,5326817111.0,4483417313.0,4662992036.0,5080483628.0,5023265411.0,5335451104.0,6511903364.0,7770219004.0,9582783997.0,10327598309.0,12455409575.0,15571348329.0,12113699059.0,14372593014.0,18210307754.0,17170464001.0,17595744804.0,18203966900.0,14383107763.0,14023890264.0,14929487496.0,16867326390.0,16874405460.0,15314577168.0
United Kingdom,GBR,1093210000000.0,1142770000000.0,1179710000000.0,1061460000000.0,1140440000000.0,1346250000000.0,1421710000000.0,1561720000000.0,1655000000000.0,1689410000000.0,1666050000000.0,1648770000000.0,1785780000000.0,2056700000000.0,2423050000000.0,2544810000000.0,2709980000000.0,3093000000000.0,2931680000000.0,2417570000000.0,2491400000000.0,2666400000000.0,2706340000000.0,2786320000000.0,3065220000000.0,2934860000000.0,2699660000000.0,2683490000000.0,2878150000000.0,2857060000000.0,2704610000000.0
Georgia,GEO,7753501868.0,6357615894.0,3690328964.0,2701181331.0,2514070772.0,2693768413.0,3095047604.0,3510520231.0,3613498183.0,2800026344.0,3057475335.0,3219462780.0,3395766678.0,3991377904.0,5125365192.0,6410912050.0,7745249284.0,10172933118.0,12795147992.0,10766919442.0,12243219360.0,15107482383.0,16488819133.0,17190068236.0,17627336228.0,14953675993.0,15141598623.0,16242647230.0,17596922470.0,17470436259.0,15842922533.0
Ghana,GHA,5889174834.0,6603130040.0,6416079342.0,5968905679.0,5446370115.0,6464389656.0,6932984636.0,6891433841.0,7482072380.0,7718110781.0,4982849054.0,5314871684.0,6166197192.0,7632720680.0,8881419348.0,10744562615.0,20885042153.0,24827333947.0,28679383241.0,26048726186.0,32197648061.0,39336668081.0,41271708600.0,62824629066.0,54783320577.0,49406014245.0,56164933479.0,60405920071.0,67298913752.0,68337974419.0,70043095503.0
Guinea,GIN,2666750820.0,3015058206.0,3284620422.0,3279096492.0,3383092770.0,3693710533.0,3868968366.0,3783700462.0,3588375622.0,3461282460.0,2995361112.0,2829435908.0,2950198724.0,3446441785.0,3635458214.0,2937071740.0,4220019243.0,6281917650.0,6964179188.0,6716904516.0,6853467833.0,6785137215.0,7638045226.0,8376613880.0,8778473643.0,8794202395.0,8595955601.0,10324668271.0,11857030366.0,13442861497.0,14177835841.0
"Gambia, The",GMB,317083688.2,690311093.2,714254263.1,755040935.0,746493955.0,785999879.7,848239405.6,803633368.7,840285264.6,814724055.9,782913866.0,687410630.5,578235309.3,487038679.4,961900640.7,1027701056.0,1054112488.0,1279703030.0,1561766956.0,1450142497.0,1543294945.0,1409693594.0,1415004743.0,1375609460.0,1229461732.0,1378176606.0,1484578897.0,1504909448.0,1670671340.0,1813609679.0,1812170878.0
Guinea-Bissau,GNB,243961995.5,257150374.1,226313443.7,236880821.7,235620043.5,253966922.3,270419779.4,268551010.9,206457553.4,224446663.8,371095522.0,392621389.5,417806651.1,477458577.2,532062894.8,587029096.0,592365659.8,696910784.0,868154627.9,830126428.8,849878489.1,1099818592.0,989271155.1,1046087367.0,1054915581.0,1048229633.0,1179004911.0,1350177012.0,1504630234.0,1439638411.0,1431758232.0
Equatorial Guinea,GNQ,112119411.5,110906028.6,134707184.0,136047906.0,100807002.6,141853360.9,232463022.7,442337870.4,370687634.7,621117885.7,1045998496.0,1461139022.0,1806742742.0,2484745935.0,4410764339.0,8217369093.0,10086528699.0,13071718759.0,19749893536.0,15027795173.0,16314443429.0,21357343682.0,22388344124.0,21948834290.0,21765453087.0,13185496881.0,11240808847.0,12200913888.0,13097012124.0,11364133546.0,10099157996.0
Greece,GRC,97891092003.0,105143000000.0,116225000000.0,108809000000.0,116602000000.0,136878000000.0,145862000000.0,143158000000.0,144428000000.0,142589000000.0,130458000000.0,136309000000.0,154564000000.0,202370000000.0,240964000000.0,247875000000.0,273547000000.0,318903000000.0,355909000000.0,331309000000.0,297125000000.0,282996000000.0,242029000000.0,238908000000.0,235458000000.0,195684000000.0,193148000000.0,199844000000.0,212049000000.0,205257000000.0,188926000000.0
Grenada,GRD,278098763.0,300757888.9,310160444.4,309812185.2,325111814.8,342172518.5,366911444.4,392190592.6,445903592.6,482009370.4,520044370.4,520444185.2,540336925.9,591018407.4,599118592.6,695555555.6,698700666.7,758683592.6,825976037.0,771275555.6,771014814.8,778655555.6,799881481.5,842618518.5,911496296.3,997007407.4,1061640741.0,1125685185.0,1166514815.0,1213485185.0,1043411111.0
Greenland,GRL,1018977225.0,1016500016.0,1037916105.0,927214127.9,1005887592.0,1208953359.0,1197515638.0,1072154407.0,1149858127.0,1131555107.0,1068024994.0,1086170639.0,1169136691.0,1558759744.0,1822499871.0,1849802648.0,2013106817.0,2249811365.0,2499092396.0,2529964061.0,2503167187.0,2684461608.0,2609678695.0,2684947140.0,2842065877.0,2499113085.0,2707146783.0,2851610656.0,3055791341.0,2997331094.0,3082909158.0
Guatemala,GTM,7650196277.0,9406135143.0,10440781588.0,11400018313.0,12983233687.0,14655404433.0,15674835615.0,17790026222.0,19395491993.0,18318412251.0,19288928616.0,18405221418.0,20444205991.0,21576351799.0,23577298589.0,26783388709.0,29744247479.0,33567850095.0,38503718527.0,37126146369.0,40676579265.0,46876004265.0,49593926849.0,52996447956.0,57852150565.0,62186064719.0,66053402745.0,71653756504.0,73328369926.0,77172313916.0,77715183063.0
Guam,GUM,,,,,,,,,,,,,3394000000.0,3569000000.0,3869000000.0,4213000000.0,4238000000.0,4397000000.0,4658000000.0,4828000000.0,4949000000.0,4984000000.0,5265000000.0,5399000000.0,5610000000.0,5799000000.0,5901000000.0,6013000000.0,6056000000.0,6366000000.0,5886000000.0
Guyana,GUY,396582263.3,348533094.8,373573141.5,454101382.5,540874934.2,621626785.9,705406001.4,749138009.6,717530683.2,694754988.3,712667896.7,712167448.9,726131434.7,743063949.0,787814379.2,824880550.3,2379817987.0,2730971600.0,3025187428.0,3165663153.0,3432912511.0,3691384318.0,4063088529.0,4167800936.0,4127660158.0,4279840194.0,4482697337.0,4748174334.0,4787637006.0,5173760192.0,5471256595.0
"Hong Kong SAR, China",HKG,76928784621.0,88960001716.0,104273000000.0,120354000000.0,135812000000.0,144652000000.0,159718000000.0,177353000000.0,168885000000.0,165768000000.0,171669000000.0,169404000000.0,166349000000.0,161386000000.0,169100000000.0,181569000000.0,193535000000.0,211597000000.0,219279000000.0,214048000000.0,228639000000.0,248514000000.0,262629000000.0,275697000000.0,291460000000.0,309386000000.0,320860000000.0,341273000000.0,361731000000.0,363075000000.0,344943000000.0
Honduras,HND,4923009552.0,4648668479.0,4943700431.0,4926728933.0,4642280682.0,5347445005.0,5215028986.0,5737099650.0,6366340266.0,6414520530.0,7186638029.0,7651162302.0,7858255253.0,8230391505.0,8869299234.0,9757012869.0,10917476874.0,12361257681.0,13881731631.0,14587496229.0,15839344592.0,17710275997.0,18528554861.0,18499729063.0,19756533658.0,20979791685.0,21717604581.0,23136248046.0,24067750466.0,25089937109.0,23827859695.0
Croatia,HRV,,,,,,22778305790.0,24147539210.0,24172608178.0,25885225294.0,23770159784.0,22128719418.0,23063323723.0,26757255952.0,35254833028.0,41855265955.0,45025328214.0,49532592593.0,59172904661.0,68342061762.0,61941466003.0,58693611581.0,62599775593.0,57231455635.0,59363124069.0,59214461630.0,50742086223.0,52391038979.0,55937483558.0,61330483610.0,61329267533.0,57624938982.0
Haiti,HTI,3096289800.0,3473562850.0,2257129874.0,1878253818.0,2167569095.0,2813313279.0,2907517543.0,3338949152.0,3723903724.0,4153725967.0,6813565983.0,6331970413.0,6205847137.0,5071947798.0,6087360735.0,7030149791.0,7638739124.0,9228637766.0,10432962725.0,11597002930.0,11859312627.0,13008746039.0,13708925403.0,14902488489.0,15146883647.0,14849629408.0,14069277532.0,15093357143.0,16403864521.0,15016090930.0,14508222518.0
Hungary,HUN,,34753569693.0,38730585922.0,40124916941.0,43166678735.0,46425677734.0,46658765340.0,47296961369.0,48706794879.0,49073373276.0,47218411470.0,53749989092.0,67608919144.0,85285075492.0,104121000000.0,113211000000.0,115716000000.0,140187000000.0,158326000000.0,131069000000.0,132175000000.0,141942000000.0,128814000000.0,135684000000.0,141034000000.0,125174000000.0,128610000000.0,143112000000.0,160566000000.0,164020000000.0,157227000000.0
Indonesia,IDN,106141000000.0,116622000000.0,128027000000.0,158007000000.0,176892000000.0,202132000000.0,227370000000.0,215749000000.0,95445547873.0,140001000000.0,165021000000.0,160447000000.0,195661000000.0,234772000000.0,256837000000.0,285869000000.0,364571000000.0,432217000000.0,510229000000.0,539580000000.0,755094000000.0,892969000000.0,917870000000.0,912524000000.0,890815000000.0,860854000000.0,931877000000.0,1015620000000.0,1042270000000.0,1119100000000.0,1059050000000.0
Isle of Man,IMN,,,,,,914762873.7,1023005863.0,1180968165.0,1382605389.0,1567402514.0,1563667800.0,1659131244.0,1947332922.0,2328658228.0,2822358473.0,3032409189.0,3422735302.0,4466353635.0,5928788781.0,5486918995.0,5920366628.0,6565668781.0,6690228489.0,7001180246.0,7708459145.0,7084795708.0,6846373277.0,6979791187.0,7491654051.0,7314966839.0,6684229269.0
India,IND,320979000000.0,270105000000.0,288208000000.0,279296000000.0,327276000000.0,360282000000.0,392897000000.0,415868000000.0,421351000000.0,458820000000.0,468395000000.0,485441000000.0,514938000000.0,607699000000.0,709149000000.0,820382000000.0,940260000000.0,1216740000000.0,1198900000000.0,1341890000000.0,1675620000000.0,1823050000000.0,1827640000000.0,1856720000000.0,2039130000000.0,2103590000000.0,2294800000000.0,2651470000000.0,2702930000000.0,2835610000000.0,2671600000000.0
Ireland,IRL,49305632408.0,49787501584.0,55918538121.0,52417477614.0,57097656066.0,69139823232.0,75790786290.0,82856648758.0,90199410116.0,98893958263.0,100208000000.0,109347000000.0,128596000000.0,164671000000.0,194372000000.0,211877000000.0,232181000000.0,270079000000.0,275447000000.0,236443000000.0,221914000000.0,239003000000.0,225629000000.0,238341000000.0,259171000000.0,291775000000.0,299091000000.0,336378000000.0,385737000000.0,399322000000.0,425852000000.0
"Iran, Islamic Rep.",IRN,124813000000.0,,,63743623232.0,71841461173.0,96419225744.0,120404000000.0,113919000000.0,110277000000.0,113848000000.0,109592000000.0,126879000000.0,128627000000.0,153545000000.0,190043000000.0,226452000000.0,266299000000.0,349882000000.0,412336000000.0,416397000000.0,486808000000.0,626133000000.0,644036000000.0,492776000000.0,460383000000.0,408213000000.0,457955000000.0,486630000000.0,327901000000.0,283650000000.0,239735000000.0
Iraq,IRQ,180408000000.0,407796349.7,553671957.7,1031944881.0,3991349283.0,12894029888.0,10433698621.0,20764857056.0,20617405044.0,36881601584.0,48364250944.0,36176430129.0,32928454672.0,21921569479.0,36627901762.0,49954890353.0,65140147197.0,88837055195.0,131614000000.0,111658000000.0,138517000000.0,185750000000.0,218002000000.0,234638000000.0,228416000000.0,166774000000.0,166602000000.0,187218000000.0,227367000000.0,233636000000.0,180924000000.0
Iceland,ISL,6468739130.0,6909725408.0,7080977636.0,6218583218.0,6389462322.0,7123637089.0,7426082271.0,7569673904.0,8503689104.0,8982048417.0,9025660362.0,8234846523.0,9318398444.0,11429335645.0,13825309101.0,16852971987.0,17465318552.0,21652505597.0,18074619562.0,13154416197.0,13751161918.0,15221622926.0,14751508134.0,16125060515.0,17867662178.0,17517210519.0,20793168031.0,24728285177.0,26260850582.0,24663643102.0,21553080484.0
Israel,ISR,,,,,,104893000000.0,114508000000.0,118861000000.0,120057000000.0,120922000000.0,136035000000.0,134637000000.0,125060000000.0,131299000000.0,139974000000.0,147084000000.0,158670000000.0,184053000000.0,220530000000.0,211968000000.0,238364000000.0,266792000000.0,262282000000.0,297733000000.0,314330000000.0,303414000000.0,322103000000.0,358245000000.0,376692000000.0,402471000000.0,413268000000.0
Italy,ITA,1181220000000.0,1246220000000.0,1320160000000.0,1064960000000.0,1099220000000.0,1174660000000.0,1312430000000.0,1241880000000.0,1270050000000.0,1252450000000.0,1146680000000.0,1168020000000.0,1276770000000.0,1577620000000.0,1806540000000.0,1858220000000.0,1949550000000.0,2213100000000.0,2408660000000.0,2199930000000.0,2136100000000.0,2294990000000.0,2086960000000.0,2141920000000.0,2162010000000.0,1836640000000.0,1877070000000.0,1961800000000.0,2091930000000.0,2011300000000.0,1897210000000.0
Jamaica,JAM,4592208087.0,4106207649.0,3535460090.0,5440075676.0,5452558892.0,6577520705.0,7393891854.0,8400041803.0,8787195622.0,8887058073.0,9005064475.0,9194727831.0,9719009562.0,9430234852.0,10174664854.0,11243865788.0,11930179173.0,12799600075.0,13709401444.0,12120458141.0,13220549858.0,14444661488.0,14807086491.0,14264205124.0,13899225340.0,14188938781.0,14077105503.0,14808984881.0,15730791526.0,15830766372.0,13812421859.0
Jordan,JOR,4160089597.0,4344468257.0,5310830590.0,5606401570.0,6236295978.0,6727597032.0,6927503526.0,7245839210.0,7912270804.0,8149929478.0,8460789845.0,8975812449.0,9582512831.0,10195627645.0,11411706629.0,12588998590.0,15056981664.0,17110442867.0,22658730357.0,24537876056.0,27133804225.0,29524149155.0,31634561690.0,34454440141.0,36847643521.0,38587017887.0,39892551127.0,41608435915.0,43370860704.0,44503005775.0,43579916197.0
Japan,JPN,3132820000000.0,3584420000000.0,3908810000000.0,4454140000000.0,4998800000000.0,5545560000000.0,4923390000000.0,4492450000000.0,4098360000000.0,4635980000000.0,4968360000000.0,4374710000000.0,4182850000000.0,4519560000000.0,4893120000000.0,4831470000000.0,4601660000000.0,4579750000000.0,5106680000000.0,5289490000000.0,5759070000000.0,6233150000000.0,6272360000000.0,5212330000000.0,4896990000000.0,4444930000000.0,5003680000000.0,4930840000000.0,5040880000000.0,5117990000000.0,5048790000000.0
Kazakhstan,KAZ,26932729103.0,24923076923.0,24917355372.0,23409260880.0,21250792886.0,20374302652.0,21035357833.0,22165932063.0,22135245413.0,16870817135.0,18291990619.0,22152689130.0,24636598581.0,30833692831.0,43151647003.0,57123671734.0,81003864916.0,104850000000.0,133442000000.0,115309000000.0,148047000000.0,192626000000.0,207999000000.0,236635000000.0,221416000000.0,184388000000.0,137278000000.0,166806000000.0,179340000000.0,181667000000.0,171082000000.0
Kenya,KEN,8572359163.0,8151488882.0,8209120678.0,5751786610.0,7148148564.0,9046320197.0,12045865466.0,13115764433.0,14093998844.0,12896010520.0,12705350153.0,12986007426.0,13147736954.0,14904517650.0,16095337094.0,18737895401.0,25825512278.0,31958195182.0,35895153328.0,42347217913.0,45405615233.0,46869473166.0,56396704833.0,61671440481.0,68285796663.0,70120446664.0,74815143796.0,82036511259.0,92202979941.0,100378000000.0,100658000000.0
Kyrgyz Republic,KGZ,2675000000.0,2569444444.0,2316562500.0,2028295455.0,1681006993.0,1661018519.0,1827570586.0,1767864036.0,1645963750.0,1249061487.0,1369688498.0,1525116370.0,1605643105.0,1919008090.0,2211534585.0,2460246796.0,2834168893.0,3802570572.0,5139958956.0,4690061344.0,4794361821.0,6197765942.0,6605142864.0,7335033799.0,7468102369.0,6678177483.0,6813095396.0,7702938395.0,8271106196.0,8871019823.0,7780873259.0
Cambodia,KHM,,,,2533727592.0,2791435272.0,3441205693.0,3506695720.0,3443413389.0,3120425503.0,3517242477.0,3654031716.0,3984000517.0,4284028483.0,4658246918.0,5337833248.0,6293046162.0,7274595707.0,8639235913.0,10351914178.0,10401851767.0,11242275289.0,12829541141.0,14054443213.0,15227991395.0,16702610842.0,18049954289.0,20016747858.0,22177200589.0,24571753582.0,27089390033.0,25872797892.0
Kiribati,KIR,42933307.66,47516824.01,47736260.83,46920900.88,54834548.93,56336670.91,66517285.36,67538482.09,65333678.15,69034484.98,67253134.61,63099885.31,72197928.62,90231027.78,102370615.2,112136227.8,110237144.5,132674795.9,141045173.6,132421058.9,155305532.9,180672664.8,189629948.8,184543103.7,177868153.1,170292283.2,178507958.1,188540699.1,196501504.2,175181684.8,177553260.1
St. Kitts and Nevis,KNA,217259259.3,220540740.7,242137037.0,263755555.6,295159259.3,313485185.2,333944444.4,374641308.0,383257331.4,406595484.4,421695769.8,458643829.0,481077373.7,469869869.9,506900000.0,547203703.7,644414814.8,689285185.2,777691333.3,774273111.1,778718518.5,836092592.6,825381481.5,874896296.3,953170370.4,957037037.0,1008100000.0,1058944444.0,1076922222.0,1107844444.0,884522222.2
"Korea, Rep.",KOR,283368000000.0,330649000000.0,355525000000.0,392666000000.0,463617000000.0,566583000000.0,610170000000.0,569755000000.0,383331000000.0,497513000000.0,576178000000.0,547658000000.0,627246000000.0,702717000000.0,793175000000.0,934901000000.0,1053220000000.0,1172610000000.0,1047340000000.0,943942000000.0,1144070000000.0,1253220000000.0,1278430000000.0,1370800000000.0,1484320000000.0,1465770000000.0,1500110000000.0,1623900000000.0,1724850000000.0,1651420000000.0,1644310000000.0
Kuwait,KWT,18427777778.0,11010010088.0,19858555215.0,23941391391.0,24848483838.0,27187006077.0,31492419238.0,30350207213.0,25943736431.0,30122398833.0,37718794714.0,34889597791.0,38135756834.0,47874659168.0,59439090601.0,80798630137.0,101557000000.0,114634000000.0,147380000000.0,105969000000.0,115417000000.0,154080000000.0,174048000000.0,174168000000.0,162650000000.0,114586000000.0,109406000000.0,120688000000.0,138202000000.0,136192000000.0,105949000000.0
Lao PDR,LAO,865559879.3,1028087972.0,1127806945.0,1327748690.0,1543606345.0,1763536305.0,1873671550.0,1747011857.0,1280177839.0,1454430642.0,1731198022.0,1768619058.0,1758176653.0,2023324407.0,2366398120.0,2735558735.0,3455031448.0,4223152219.0,5446434032.0,5836138127.0,7131773633.0,8750107402.0,10192848926.0,11983252627.0,13279248479.0,14426381187.0,15912495369.0,17071162084.0,18141651381.0,18740559554.0,18981800705.0
Lebanon,LBN,2838485354.0,4690415093.0,5843579161.0,7941744492.0,9599127050.0,11718795528.0,13690217333.0,15751867489.0,17247179006.0,17391056369.0,17260364842.0,17649751244.0,19152238806.0,20082918740.0,21159827992.0,21497336499.0,22022709852.0,24827355015.0,29118916106.0,35399582929.0,38443907042.0,39927125961.0,44016799516.0,46880103081.0,48095213746.0,49929337837.0,51147308774.0,53027680686.0,54901519156.0,51605959131.0,31712128254.0
Liberia,LBR,,,,,,,,,,,874000000.0,906000000.0,927000000.0,748000000.0,897000000.0,949000000.0,1119000000.0,1373000000.0,1726000000.0,1768000000.0,1998000000.0,2398000000.0,2791614000.0,3177198100.0,3225652000.0,3227075700.0,3398419600.0,3390703400.0,3422754800.0,3319596500.0,3039982500.0
Libya,LBY,28904164239.0,31991785108.0,33887005288.0,30660029871.0,28610532505.0,25541383197.0,27884630118.0,30700890193.0,27251275903.0,35975878804.0,38270983032.0,34112079629.0,20481889764.0,26265625000.0,33122307692.0,47334697612.0,60094248772.0,68032985520.0,86710739535.0,60808538330.0,75380800664.0,48169243832.0,92540964666.0,75351117628.0,57372352562.0,48717506273.0,49912085228.0,67157451660.0,76686048499.0,69254143968.0,46808208747.0
St. Lucia,LCA,579629629.6,613703703.7,674074074.1,684814814.8,713703703.7,762962963.0,788888888.9,805925925.9,877407407.4,921851851.9,932592592.6,892592592.6,900000000.0,987407407.4,1066666667.0,1135555556.0,1268319185.0,1336088815.0,1437731111.0,1401507889.0,1482370370.0,1568370370.0,1598222222.0,1660222222.0,1749296296.0,1807222222.0,1865444444.0,1996703704.0,2057074074.0,2094185185.0,1516000000.0
Liechtenstein,LIE,1421508875.0,1484160644.0,1631176647.0,1673085618.0,1948128911.0,2428524712.0,2504012993.0,2298390595.0,2479698576.0,2664105901.0,2483890594.0,2491800559.0,2688617885.0,3070803439.0,3454374270.0,3659320087.0,4000101033.0,4601430549.0,5081479840.0,4504376590.0,5082338965.0,5739705822.0,5456099685.0,6391711429.0,6657526636.0,6268513140.0,6237299538.0,6474310910.0,6692618411.0,6436467007.0,6405765970.0
Sri Lanka,LKA,8032551173.0,9000362582.0,9703011636.0,10338679636.0,11717604209.0,13029697561.0,13897738375.0,15091913884.0,15794972847.0,15656327860.0,16330814180.0,15749753805.0,16536535647.0,18881765437.0,20662525941.0,24405791045.0,28279802451.0,32350238663.0,40713826321.0,42066223971.0,58636160849.0,67753284135.0,70447217164.0,77000578207.0,82528535573.0,85140955517.0,88012281910.0,94376237832.0,94493871351.0,89014978319.0,84440535699.0
Lesotho,LSO,596410302.2,704325366.7,831029813.1,835582169.0,878250862.8,1001894000.0,946112456.2,998004330.9,928460865.1,912773656.2,887291645.3,825706961.2,775777263.1,1157825409.0,1511236656.0,1682343439.0,1800092519.0,1682025303.0,1766820422.0,1740835820.0,2234731974.0,2579421686.0,2477702253.0,2367113170.0,2441063169.0,2359754088.0,2114426469.0,2306741599.0,2556247156.0,2436029588.0,2117736528.0
Lithuania,LTU,,,,,,7867140395.0,8382519637.0,10118631852.0,11239547691.0,10971583945.0,11524776867.0,12237388002.0,14259781159.0,18781721376.0,22627507452.0,26097677572.0,30183575104.0,39697891352.0,47797551588.0,37388122046.0,37128694028.0,43535051482.0,42927454291.0,46523420074.0,48533659592.0,41435533340.0,43047309306.0,47758736932.0,53751411409.0,54760617013.0,56914826861.0
Luxembourg,LUX,12778792854.0,13834219728.0,15518702635.0,15925521222.0,17701798891.0,20853093870.0,20895314658.0,19563836265.0,20150053345.0,21899317599.0,21230182989.0,21387533703.0,23649833332.0,29667268248.0,35064843793.0,37672280120.0,42910146296.0,51587401416.0,58844277702.0,54467289898.0,56213985987.0,61696281326.0,59776383527.0,65203276467.0,68804811898.0,60071584216.0,62216885436.0,65712180343.0,71000359760.0,69825641851.0,73992591285.0
Latvia,LVA,,,,,,5789128637.0,5975248851.0,6527926446.0,7166275468.0,7533788134.0,7958852839.0,8362398702.0,9557031605.0,11771975157.0,14435700533.0,17003459863.0,21570076499.0,31054350978.0,35854274229.0,26410909091.0,23956163077.0,27474380566.0,28169902669.0,30204783462.0,31386896487.0,27263090547.0,28083597512.0,30483806018.0,34429023435.0,34343961073.0,34601740323.0
"Macao SAR, China",MAC,3246481368.0,3765249711.0,4914365395.0,5665606115.0,6311207516.0,7046147442.0,7176892950.0,7267571196.0,6797792474.0,6547670439.0,6774193548.0,6860272608.0,7371692469.0,8246479395.0,10643253443.0,12160056755.0,14874098382.0,18439981804.0,21027018551.0,21587786005.0,28241799668.0,36845887225.0,43189724080.0,51536592939.0,54902831794.0,45048188248.0,45070807280.0,50440935654.0,55284309690.0,55204961000.0,25459685020.0
St. Martin (French part),MAF,,,,,,,,,,,,,,,,,,,,,,775875858.0,,,772921756.3,,,,,,
Morocco,MAR,30179955996.0,32285573574.0,33711069431.0,31655473664.0,35604137423.0,39030285468.0,43161572353.0,39147844526.0,46497609536.0,46266427863.0,43017455401.0,43831480206.0,47077192184.0,58029361339.0,66114147932.0,68852655480.0,75883820424.0,86947909745.0,101823000000.0,101155000000.0,100865000000.0,110081000000.0,106937000000.0,115739000000.0,119131000000.0,110414000000.0,111573000000.0,118541000000.0,127341000000.0,128920000000.0,121348000000.0
Monaco,MCO,2481316054.0,2480497539.0,2737067002.0,2574440023.0,2720297793.0,3130270895.0,3137848801.0,2840182221.0,2934578821.0,2907075360.0,2654476597.0,2673738413.0,2919691961.0,3597052153.0,4117728151.0,4204651894.0,4586828062.0,5875376402.0,6502945305.0,5473265702.0,5367561640.0,6088690667.0,5742748406.0,6555590642.0,7069351224.0,6261646950.0,6472837333.0,6431274938.0,7194256778.0,7383941919.0,6739642360.0
Moldova,MDA,,,,,,1752979926.0,1695122174.0,1930081169.0,1698717505.0,1170782957.0,1288429392.0,1480673594.0,1661818168.0,1980907435.0,2598249556.0,2988342907.0,3408255364.0,4401173162.0,6054824433.0,5439434059.0,6974982391.0,8414351672.0,8709138767.0,9496717701.0,9399833207.0,7798692878.0,7982450758.0,9519053158.0,11253727815.0,11735774634.0,11531967881.0
Madagascar,MDG,3931334871.0,3254713056.0,3714966675.0,4063298919.0,3522227094.0,3838100902.0,4931861037.0,4262965421.0,4401967634.0,4277903780.0,4629247205.0,5438332601.0,5351701665.0,6372498891.0,5064732625.0,5859269752.0,6395712492.0,8524620891.0,10725137722.0,9616879408.0,9982711338.0,11551819618.0,11578975064.0,12423555457.0,12522957401.0,11323020700.0,11848613860.0,13176313594.0,13760033283.0,14104664678.0,13051441203.0
Maldives,MDV,215043969.8,244396761.9,284875818.0,322417837.2,356014932.1,398988955.0,450382328.0,508223602.4,540096397.6,589239753.6,624337145.3,870031653.1,897031250.0,1052121055.0,1226829563.0,1163362438.0,1575200391.0,1868383461.0,2271646188.0,2345294875.0,2588176055.0,2774350163.0,2886163938.0,3295009231.0,3697353155.0,4109416450.0,4379134273.0,4754185599.0,5300949823.0,5609385434.0,3746329358.0
Mexico,MEX,261254000000.0,313140000000.0,363158000000.0,500733000000.0,527811000000.0,360073000000.0,410973000000.0,500416000000.0,526500000000.0,600233000000.0,707910000000.0,756703000000.0,772110000000.0,729335000000.0,782243000000.0,877477000000.0,975383000000.0,1052700000000.0,1109990000000.0,900047000000.0,1057800000000.0,1180490000000.0,1201090000000.0,1274440000000.0,1315360000000.0,1171870000000.0,1078490000000.0,1158910000000.0,1222410000000.0,1269010000000.0,1090510000000.0
Marshall Islands,MHL,78476000.0,82507000.0,91063000.0,99461000.0,108071000.0,120230000.0,110858000.0,110705600.0,112279400.0,114326300.0,115347500.0,122824000.0,131738200.0,131398500.0,132934600.0,137666300.0,142745200.0,149870000.0,145969100.0,150624900.0,160318500.0,171567100.0,179855800.0,185468000.0,185172900.0,182997300.0,200716000.0,212701200.0,219330300.0,232092300.0,241722400.0
North Macedonia,MKD,4699646643.0,4938775510.0,2436849342.0,2682456897.0,3559608613.0,4707041274.0,4642021256.0,3912986091.0,3765745000.0,3863619262.0,3772859053.0,3709636012.0,4018365768.0,4946296569.0,5682784433.0,6258602830.0,6861227018.0,8336475036.0,9909552356.0,9401736825.0,9407170389.0,10494626768.0,9745261301.0,10817702424.0,11362265294.0,10064519963.0,10672467073.0,11307067001.0,12683068033.0,12606338449.0,12363580535.0
Mali,MLI,2681912149.0,2724131460.0,2830673381.0,2818281080.0,2081846499.0,2706425158.0,2780422048.0,2697105822.0,2920358713.0,3440724708.0,2961484954.0,3468337941.0,3908121310.0,4714071978.0,5454249123.0,6247515892.0,6905934219.0,8156468818.0,9838403091.0,10231962383.0,10689168011.0,12995112698.0,12442035328.0,13242690790.0,14364937128.0,13104764379.0,14026048334.0,15365713059.0,17070867578.0,17280250805.0,17465392779.0
Malta,MLT,2547163582.0,2750041434.0,3021910217.0,2709178327.0,2998570147.0,3461332685.0,3585755121.0,3722389056.0,3958227428.0,4155187258.0,4323339212.0,4355146428.0,4693495693.0,5489359281.0,6116591928.0,6407287651.0,6778321415.0,7925403778.0,9090376446.0,8696304529.0,9035819657.0,9638733344.0,9461826174.0,10550968139.0,11625843214.0,11091467514.0,11667976403.0,13489296992.0,15298004130.0,15881258056.0,15046136935.0
Myanmar,MMR,2036373523.0,2137184858.0,2216072577.0,2809748387.0,3821535780.0,4879257848.0,5759624742.0,5633070603.0,4613071495.0,5643818689.0,6849321646.0,6220270632.0,6110632858.0,7754647428.0,9390855298.0,10588433069.0,11863016315.0,15591182545.0,23013015832.0,29455165595.0,37796052939.0,54118601975.0,58318677645.0,60572257122.0,63264892768.0,63045306514.0,60291738935.0,61449391917.0,67144726168.0,68697761477.0,78930259069.0
Montenegro,MNE,,,,,,,,,,,984292969.9,1159869246.0,1284685051.0,1707710053.0,2073234418.0,2257174481.0,2721903149.0,3680711744.0,4545674528.0,4159330370.0,4142983898.0,4544429063.0,4087525609.0,4465771673.0,4593852089.0,4054728173.0,4376929572.0,4856602179.0,5506944403.0,5542053845.0,4769995512.0
Mongolia,MNG,2560785660.0,2379018326.0,1317611864.0,768401634.2,925817092.2,1452165005.0,1345719472.0,1180934203.0,1124440204.0,1057408589.0,1136896124.0,1267997934.0,1396555720.0,1595297356.0,1992066808.0,2523471602.0,3414055663.0,4234999703.0,5623216610.0,4583850368.0,7189482001.0,10409797375.0,12292770631.0,12582122604.0,12226514666.0,11619892593.0,11181350649.0,11480847740.0,13178094720.0,14206359016.0,13312981427.0
Northern Mariana Islands,MNP,,,,,,,,,,,,,1284000000.0,1239000000.0,1210000000.0,1061000000.0,990000000.0,938000000.0,939000000.0,795000000.0,799000000.0,729000000.0,746000000.0,772000000.0,832000000.0,910000000.0,1230000000.0,1560000000.0,1301000000.0,1181000000.0,858000000.0
Mozambique,MOZ,,3633488385.0,2640001311.0,2729524758.0,2796555381.0,2899912130.0,3856799844.0,4648838896.0,5263884908.0,5976402586.0,5656473652.0,5398557896.0,5677013629.0,6303399758.0,7631106171.0,8542083074.0,9176896597.0,10450826527.0,12556173243.0,11914471513.0,11104649065.0,14381552467.0,16350813487.0,16974314296.0,17716091057.0,15950979333.0,11936993087.0,13219079498.0,14845400593.0,15390031040.0,14156864916.0
Mauritania,MRT,1506914408.0,2133692610.0,2164298425.0,1847353160.0,1944876755.0,2091726048.0,2132087061.0,2071996519.0,2032347629.0,1985922807.0,1779520862.0,1746063580.0,1777057503.0,2051147607.0,2362501023.0,2936019526.0,3919577286.0,4346212411.0,5206437121.0,4714595488.0,5628878866.0,6764627666.0,6728208836.0,7223071177.0,6592537782.0,6166863960.0,6398741856.0,6800138755.0,7473550557.0,8066118984.0,8405498736.0
Mauritius,MUS,2653485952.0,2856889160.0,3224265821.0,3263363787.0,3558143644.0,4040342060.0,4421952123.0,4187375887.0,4169672975.0,4343708896.0,4663321022.0,4613637222.0,4841310240.0,5816559039.0,6578840499.0,6488743120.0,7028810755.0,8150150144.0,9990356849.0,9128843109.0,10003670690.0,11518413430.0,11668696526.0,12292974008.0,13074130094.0,12007291046.0,12594155346.0,13713505998.0,14735695931.0,14436347115.0,11401040996.0
Malawi,MWI,2737088196.0,3206784402.0,2618837532.0,3013392430.0,1719864761.0,2033701542.0,3319573822.0,3875785863.0,2547609563.0,2584478944.0,2537307566.0,2498008653.0,5087328438.0,4669789300.0,5058726350.0,5320409651.0,5818279739.0,6451210219.0,7743617352.0,9009887947.0,10128323011.0,11648142958.0,8773203178.0,8031571928.0,8801326169.0,9219474373.0,7909868618.0,8943543677.0,9880675786.0,11025371147.0,12056108780.0
Malaysia,MYS,44024585240.0,49143148094.0,59167550163.0,66894966969.0,74478356958.0,88705342903.0,100855000000.0,100005000000.0,72167498981.0,79148421053.0,93789736842.0,92783947368.0,100846000000.0,110202000000.0,124749000000.0,143534000000.0,162692000000.0,193550000000.0,230812000000.0,202257000000.0,255018000000.0,297952000000.0,314443000000.0,323276000000.0,338066000000.0,301355000000.0,301255000000.0,319109000000.0,358789000000.0,365178000000.0,337339000000.0
Namibia,NAM,2789922033.0,2996869281.0,3429521499.0,3251189248.0,3666503185.0,3978514206.0,3989163042.0,4154990251.0,3873109749.0,3868551625.0,3922231976.0,3557341284.0,3349169932.0,4926439275.0,6609206506.0,7248375217.0,8001779551.0,8839536894.0,8607431845.0,8938847364.0,11431412421.0,12523359441.0,13042053857.0,12043307277.0,12435430396.0,11335161230.0,10722018975.0,12895153160.0,13682019172.0,12541928103.0,10583748757.0
New Caledonia,NCL,2529440424.0,2653780677.0,2923883290.0,2822243775.0,3038728391.0,3628440524.0,3606968436.0,3291131295.0,3556304834.0,3647802046.0,3420032042.0,3297734886.0,3740056752.0,4915353826.0,5895008985.0,6238629462.0,6979155408.0,8819917187.0,9067619729.0,8704438061.0,9364350065.0,10351448025.0,9659151909.0,10151382877.0,10635035550.0,8738203042.0,8724568971.0,9173670000.0,9896402295.0,9475655342.0,9454629451.0
Niger,NER,3512356508.0,3285796877.0,3386232582.0,3052673844.0,1938058176.0,2302537563.0,2405686939.0,2290318909.0,2643363521.0,2537789819.0,2241753193.0,2448714703.0,2782192881.0,3394084731.0,3760443735.0,4383315967.0,4756361253.0,5731485046.0,7297600219.0,7352131304.0,7851192499.0,8772950783.0,9426912639.0,10224897441.0,10862943546.0,9683867927.0,10398861981.0,11185101444.0,12808661487.0,12916454871.0,13744174582.0
Nigeria,NGA,54035795388.0,49118434950.0,47794954192.0,27752204787.0,33833043778.0,44062465418.0,51075815093.0,54457835603.0,54604050168.0,59372679433.0,69448962761.0,74030562270.0,95054094655.0,104739000000.0,135765000000.0,175671000000.0,238455000000.0,278261000000.0,339476000000.0,295009000000.0,366991000000.0,414467000000.0,463971000000.0,520117000000.0,574184000000.0,493027000000.0,404649000000.0,375746000000.0,421739000000.0,474517000000.0,432199000000.0
Nicaragua,NIC,1009455476.0,1488804124.0,1792800000.0,1756454248.0,3863185119.0,4140470000.0,4308351903.0,4389973335.0,4635267225.0,4855717875.0,5107329007.0,5323146566.0,5224213018.0,5322454926.0,5795568205.0,6321324455.0,6763418646.0,7423365275.0,8496948184.0,8298736471.0,8758619131.0,9774320144.0,10531980451.0,10982954744.0,11880433903.0,12756722238.0,13286066155.0,13785890939.0,13025266513.0,12699028890.0,12678162359.0
Netherlands,NLD,318331000000.0,327500000000.0,362963000000.0,353550000000.0,379130000000.0,452302000000.0,450490000000.0,416813000000.0,438008000000.0,447050000000.0,417479000000.0,431587000000.0,473862000000.0,580070000000.0,658380000000.0,685348000000.0,733955000000.0,848559000000.0,951870000000.0,871519000000.0,847381000000.0,905271000000.0,838923000000.0,877173000000.0,892168000000.0,765573000000.0,784060000000.0,833870000000.0,914043000000.0,910194000000.0,909793000000.0
Norway,NOR,119791000000.0,121872000000.0,130838000000.0,120579000000.0,127132000000.0,152031000000.0,163520000000.0,161357000000.0,154230000000.0,162384000000.0,171456000000.0,174240000000.0,195915000000.0,229385000000.0,265267000000.0,309979000000.0,346913000000.0,402646000000.0,464918000000.0,387974000000.0,431052000000.0,501361000000.0,512777000000.0,526014000000.0,501736000000.0,388160000000.0,370957000000.0,401745000000.0,439789000000.0,408743000000.0,367633000000.0
Nepal,NPL,3627560282.0,3921476085.0,3401211581.0,3660041667.0,4066775510.0,4401104418.0,4521580381.0,4918691917.0,4856255044.0,5033642384.0,5494252208.0,6007055042.0,6050875807.0,6330473097.0,7273938315.0,8130258415.0,9043715356.0,10325618017.0,12545438605.0,12854985464.0,16002656434.0,21573872274.0,21703100747.0,22162205046.0,22731612827.0,24360801338.0,24524109485.0,28971588881.0,33111525183.0,34186180695.0,33433659223.0
Nauru,NRU,,,,,,,,,,,,,,,,,,,,,47562842.37,65071849.58,101055718.6,94384979.01,99149259.84,84863407.87,97541914.58,109355653.7,130995580.1,125160081.8,124685686.6
New Zealand,NZL,45495129385.0,42744828653.0,41649386970.0,46775038749.0,55313381443.0,63916899264.0,70140835299.0,66073130218.0,56226503976.0,58762260626.0,52622954599.0,53872463497.0,66627729311.0,88250885550.0,103906000000.0,114720000000.0,111539000000.0,137189000000.0,133131000000.0,121374000000.0,146518000000.0,168291000000.0,176207000000.0,190907000000.0,201313000000.0,178064000000.0,188838000000.0,206556000000.0,211887000000.0,213092000000.0,212570000000.0
Oman,OMN,11685045514.0,11341482445.0,12452275683.0,12493107932.0,12918855657.0,13802600780.0,15277763329.0,15837451235.0,13996914694.0,15593456177.0,19507452536.0,19452000520.0,20142756047.0,21633708192.0,24763712874.0,31081991678.0,37215779714.0,42085379454.0,60905452536.0,48388363589.0,64993498049.0,77497529259.0,87408842653.0,89936020806.0,92699089727.0,78710793238.0,75128738622.0,80856697009.0,91505851756.0,88060858257.0,75909397659.0
Pakistan,PAK,40010423970.0,45625336680.0,48884672605.0,51809999353.0,52293471393.0,60636071684.0,63320170084.0,62433340468.0,62191955814.0,62973856844.0,82017743416.0,79484403985.0,79904985385.0,91760542940.0,107760000000.0,120055000000.0,137264000000.0,152386000000.0,170078000000.0,168153000000.0,177166000000.0,213588000000.0,224384000000.0,231218000000.0,244361000000.0,270556000000.0,313630000000.0,339206000000.0,356128000000.0,320909000000.0,300426000000.0
Panama,PAN,6433967000.0,7074675500.0,8042337700.0,8782585400.0,9365289800.0,9573813700.0,9870494000.0,10677286100.0,11575486400.0,12130252200.0,12304115000.0,12502013400.0,12994310400.0,13693981200.0,15013381700.0,16374393900.0,18141666300.0,21295984200.0,25155888600.0,27116635600.0,29440287600.0,34686224300.0,40429700000.0,45599900000.0,49921400000.0,54091800000.0,57907700000.0,62202700000.0,67294169235.0,69721787533.0,57086836942.0
Peru,PER,26410386669.0,34341465998.0,35966302303.0,34832077221.0,44882079767.0,53312793687.0,55252414130.0,58147522523.0,55501467877.0,50187324568.0,51744749133.0,52030158775.0,54777553515.0,58731030122.0,66768703498.0,76060606061.0,88643193062.0,102171000000.0,120551000000.0,120823000000.0,147528000000.0,171762000000.0,192650000000.0,201176000000.0,200786000000.0,189803000000.0,191898000000.0,211008000000.0,222597000000.0,228326000000.0,201948000000.0
Philippines,PHL,50508286642.0,51784144315.0,60422329032.0,62036529910.0,73159337838.0,84644329825.0,94648084429.0,94106316501.0,74492416330.0,85640170315.0,83669788255.0,78921234458.0,84307346432.0,87039092439.0,95002000250.0,107420000000.0,127653000000.0,155980000000.0,181625000000.0,175975000000.0,208369000000.0,234217000000.0,261921000000.0,283903000000.0,297484000000.0,306446000000.0,318627000000.0,328481000000.0,346842000000.0,376823000000.0,361751000000.0
Palau,PLW,,,,,,,,,,,146297500.0,156907900.0,163184900.0,153963200.0,165186200.0,190452900.0,192382400.0,198897700.0,198283900.0,187522800.0,185943000.0,196911100.0,212397800.0,221117200.0,241669800.0,280457700.0,298300000.0,285600000.0,284900000.0,278900000.0,251900000.0
Papua New Guinea,PNG,3219730365.0,3787394958.0,4377980510.0,4974550286.0,5502786070.0,4636057476.0,5155311077.0,4936615299.0,3789443015.0,3477038204.0,3521339699.0,3081024212.0,2999511040.0,3536411824.0,3927157867.0,4865892972.0,8354911622.0,9545029481.0,11670891360.0,11619455043.0,14250785801.0,17985138450.0,21295165201.0,21261338065.0,23210823987.0,21723439626.0,20758874953.0,22742696408.0,24109780113.0,24751069238.0,23848442440.0
Poland,POL,65977748211.0,85500934319.0,94337047233.0,96043157273.0,110804000000.0,142294000000.0,160193000000.0,159358000000.0,174686000000.0,170031000000.0,172220000000.0,190905000000.0,199070000000.0,217829000000.0,255107000000.0,306146000000.0,344627000000.0,429021000000.0,533600000000.0,439732000000.0,475697000000.0,524374000000.0,495231000000.0,515762000000.0,539081000000.0,477111000000.0,470025000000.0,524641000000.0,588780000000.0,596058000000.0,599443000000.0
Puerto Rico,PRI,30603919000.0,32287031000.0,34630430000.0,36922456000.0,39690630000.0,42647331000.0,45340835000.0,48187039000.0,54086400000.0,57841000000.0,61701800000.0,69208400000.0,71623500000.0,74827400000.0,80322313000.0,83914521300.0,87276164400.0,89524131600.0,93639300000.0,96385600000.0,98381300000.0,100352000000.0,101565000000.0,102450000000.0,102446000000.0,103376000000.0,104337000000.0,103446000000.0,100958000000.0,105126000000.0,103131000000.0
Portugal,PRT,78713860217.0,89233599278.0,107592000000.0,95009751901.0,99688641304.0,118122000000.0,122630000000.0,117017000000.0,123946000000.0,127470000000.0,118605000000.0,121604000000.0,134796000000.0,165226000000.0,189382000000.0,197254000000.0,208756000000.0,240496000000.0,263416000000.0,244668000000.0,238113000000.0,245118000000.0,216224000000.0,226434000000.0,229902000000.0,199394000000.0,206426000000.0,221358000000.0,242313000000.0,239987000000.0,229032000000.0
Paraguay,PRY,5812114523.0,6984367763.0,7157424031.0,7249533620.0,7870982005.0,9062131475.0,9788391781.0,9965225678.0,9260481572.0,8837070236.0,8855705140.0,8495806432.0,7196260657.0,7691367471.0,9624440836.0,10737500188.0,13429430050.0,17856393235.0,24615267617.0,22355151178.0,27129301048.0,33737033607.0,33296438409.0,38651334593.0,40377987315.0,36211372646.0,36089550672.0,38997129809.0,40225448651.0,37925338460.0,35432177936.0
West Bank and Gaza,PSE,,,,,2843300000.0,3282800000.0,3409600000.0,3759800000.0,4067800000.0,4271200000.0,4313600000.0,4003700000.0,3555800000.0,3968000000.0,4603100000.0,5125700000.0,5348300000.0,5815700000.0,7310400000.0,8085700000.0,9681500000.0,11186100000.0,12208400000.0,13515500000.0,13989700000.0,13972400000.0,15405400000.0,16128000000.0,16276600000.0,17133500000.0,15531700000.0
French Polynesia,PYF,3320159523.0,3410078974.0,3713785776.0,3544608541.0,3676123796.0,4186994271.0,4166072830.0,3762859109.0,3903186595.0,3911602000.0,3599845482.0,3573808551.0,3965405557.0,4927780605.0,5564109988.0,5705052111.0,5877997997.0,6631156411.0,7136741398.0,6584557942.0,6086644791.0,6203940049.0,5692858094.0,6031827089.0,6151996535.0,5325846342.0,5497036487.0,5833352684.0,6135116261.0,6022276207.0,5731835679.0
Qatar,QAT,7360439423.0,6883516484.0,7646153984.0,7156593654.0,7374450769.0,8137911978.0,9059340385.0,11297802115.0,10255495027.0,12393131868.0,17759890110.0,17538461538.0,19363736264.0,23533791209.0,31734065934.0,44530494505.0,60882142857.0,79712087912.0,115270000000.0,97798351648.0,125122000000.0,167775000000.0,186834000000.0,198728000000.0,206225000000.0,161740000000.0,151732000000.0,161099000000.0,183335000000.0,176371000000.0,144411000000.0
Romania,ROU,38244330108.0,28851673545.0,25121666667.0,26361131547.0,30072880812.0,37430238806.0,36937074278.0,35575197535.0,41696111548.0,35953162616.0,37253738081.0,40395114265.0,46065502703.0,57806382692.0,74973660681.0,98454374488.0,122024000000.0,174589000000.0,214317000000.0,174102000000.0,170029000000.0,192614000000.0,179133000000.0,189789000000.0,199714000000.0,177884000000.0,185288000000.0,210147000000.0,243316000000.0,251018000000.0,251363000000.0
Russian Federation,RUS,516814000000.0,517963000000.0,460291000000.0,435084000000.0,395077000000.0,395537000000.0,391725000000.0,404929000000.0,270955000000.0,195907000000.0,259710000000.0,306602000000.0,345470000000.0,430347000000.0,591017000000.0,764016000000.0,989932000000.0,1299700000000.0,1660850000000.0,1222650000000.0,1524920000000.0,2045920000000.0,2208290000000.0,2292470000000.0,2059240000000.0,1363480000000.0,1276790000000.0,1574200000000.0,1657330000000.0,1693110000000.0,1493080000000.0
Rwanda,RWA,2550185693.0,1911600232.0,2029026957.0,1971525718.0,753636370.5,1293535192.0,1382334879.0,1851558199.0,1989343548.0,2157024758.0,2068762707.0,1966548410.0,1965932546.0,2138185328.0,2376464520.0,2933765825.0,3319711249.0,4070391531.0,5179804291.0,5674428928.0,6124693374.0,6884907733.0,7654782979.0,7820052084.0,8239042500.0,8543869360.0,8695318854.0,9252833678.0,9636510839.0,10346675636.0,10172925172.0
Saudi Arabia,SAU,117630000000.0,132223000000.0,137088000000.0,132968000000.0,135175000000.0,143343000000.0,158662000000.0,165964000000.0,146775000000.0,161717000000.0,189515000000.0,184138000000.0,189606000000.0,215808000000.0,258742000000.0,328460000000.0,376900000000.0,415965000000.0,519797000000.0,429098000000.0,528207000000.0,676635000000.0,741850000000.0,753865000000.0,766606000000.0,669484000000.0,666000000000.0,714995000000.0,846584000000.0,838565000000.0,734271000000.0
Sudan,SDN,33641222222.0,44171194366.0,7031933492.0,8881010081.0,12793798418.0,13830369852.0,9018303128.0,11681179571.0,11250220603.0,10682027635.0,12257299147.0,15716361539.0,18137126092.0,21355295732.0,26646007251.0,35182707174.0,45263824686.0,59440139775.0,64833088568.0,58315346841.0,74151157012.0,78402841445.0,63196236489.0,66027147865.0,76818773785.0,84984672416.0,102944000000.0,129719000000.0,32333780383.0,32338079165.0,27034593750.0
Senegal,SEN,7390967362.0,7255210474.0,7769817847.0,7367986228.0,5034588199.0,6326342635.0,6559712162.0,6041478722.0,6505607914.0,6592834929.0,6013185004.0,6507824827.0,7006402325.0,8768721561.0,10076816661.0,11009033445.0,11697918245.0,13994218399.0,16853989611.0,16145867483.0,16121315902.0,17814283650.0,17660870396.0,18918667731.0,19797253445.0,17774766697.0,19040312331.0,20996562959.0,23116701540.0,23403995985.0,24530513059.0
Singapore,SGP,36144336769.0,45466164978.0,52131330700.0,60603821967.0,73688716391.0,87812540788.0,96293097895.0,100124000000.0,85728224856.0,86286866724.0,96076521349.0,89793815728.0,92538355643.0,97646382413.0,115034000000.0,127808000000.0,148627000000.0,180942000000.0,193617000000.0,194150000000.0,239808000000.0,279357000000.0,295093000000.0,307576000000.0,314864000000.0,307999000000.0,319030000000.0,343273000000.0,376870000000.0,376837000000.0,348392000000.0
Solomon Islands,SLB,214877638.4,227540473.3,269034595.8,300746329.7,402836964.5,469443201.5,510586382.5,526554053.2,457579824.4,488024548.0,419842688.0,409508556.6,346406733.6,417668997.4,468005324.5,552864568.4,617258127.2,695295347.6,776337725.2,805557595.9,898133646.6,1063895357.0,1185283422.0,1285911569.0,1335571357.0,1307909891.0,1379490315.0,1469789050.0,1615478421.0,1619154958.0,1536145831.0
Sierra Leone,SLE,649644812.6,780098205.2,679997997.6,768812334.8,911915970.7,870758739.4,941742152.7,850218033.6,672375927.3,669384768.9,635874002.2,1074851475.0,1236235827.0,1369685677.0,1430217081.0,1627058706.0,1862116165.0,2126679686.0,2451896682.0,2419014960.0,2578159480.0,2932274242.0,3789251962.0,4920343203.0,5015180836.0,4252029354.0,3862721205.0,3719443318.0,4085114542.0,4076578654.0,4062906364.0
El Salvador,SLV,4817542204.0,5252342400.0,5813399300.0,6680269200.0,7679384000.0,8921947100.0,9586327800.0,10221705900.0,10936669900.0,11284197000.0,11784927700.0,12282533600.0,12664190300.0,13243892200.0,13724810900.0,14698000000.0,15999890000.0,17011750000.0,17986890000.0,17601620000.0,18447920000.0,20283780000.0,21386150000.0,21990960000.0,22593470000.0,23438240000.0,24191430000.0,24979190000.0,26020850000.0,26881140000.0,24930080000.0
San Marino,SMR,,,,,,,,,,1109098658.0,1005159388.0,1077413479.0,1168269231.0,1464326161.0,1723750000.0,1785847531.0,1908167106.0,2185874624.0,2393437820.0,2056126702.0,1881191950.0,1813717695.0,1604701051.0,1678741202.0,1673910988.0,1419400404.0,1468342431.0,1528621195.0,1655354304.0,1616188702.0,1541247884.0
Somalia,SOM,917044228.0,,,,,,,,,,,,,,,,,,,,,,,4577000012.0,5024999992.0,5335000000.0,5534000000.0,5609000000.0,5856000006.0,6485000000.0,6883000000.0
Serbia,SRB,,,,,,16832598870.0,21818007449.0,25676488000.0,19457979423.0,19388663551.0,6875845987.0,12960546471.0,17120906918.0,22482365322.0,26141968161.0,27683225959.0,32482070360.0,43170990616.0,52194221469.0,45162894381.0,41819468692.0,49258136129.0,43309252921.0,48394239475.0,47062202241.0,39655949731.0,40692661657.0,44179075779.0,50640662859.0,51514242776.0,53356484764.0
South Sudan,SSD,,,,,,,,,,,,,,,,,,,14586253383.0,12231264525.0,14602072411.0,14907308933.0,11931472169.0,18426469017.0,13962212847.0,11997800760.0,,,,,
Sao Tome and Principe,STP,,,,,,,,,,,,75951131.95,85171073.88,102085765.5,114582282.0,136450658.1,142775109.8,149146918.9,188021169.3,187821029.4,196652514.3,231489270.1,250680845.7,300554483.6,346528329.2,316066072.3,345495615.0,375614126.2,412253809.7,427425039.7,472551023.6
Suriname,SUR,388400000.0,448100000.0,404600000.0,428764705.9,605492537.3,691590497.7,861372046.5,926422500.0,1110850000.0,886290697.7,947671969.7,834279357.8,1093574468.0,1274190311.0,1484092538.0,1793410617.0,2626380435.0,2936612022.0,3532969035.0,3875409836.0,4368371528.0,4422276622.0,4980000000.0,5145757576.0,5240606061.0,5126238146.0,3317421500.0,3591679371.0,3996198760.0,4016040575.0,2911807496.0
Slovak Republic,SVK,12747380650.0,14272201755.0,15495514297.0,16520676974.0,20162936291.0,25840146405.0,27925036755.0,27706028096.0,29856000671.0,30463670124.0,29242558797.0,30778781607.0,35297794386.0,46919965224.0,57437444469.0,62808723477.0,70767338922.0,86563986799.0,100880000000.0,89399303222.0,91162836320.0,99922685425.0,94623731086.0,98935222175.0,101437000000.0,88900883131.0,89952699525.0,95649966261.0,106138000000.0,105710000000.0,106729000000.0
Slovenia,SVN,,,,,,21352224019.0,21507232649.0,20763101741.0,22146231968.0,22711384311.0,20289627637.0,20876309970.0,23489890274.0,29634713641.0,34414784504.0,36206395971.0,39481045038.0,48067401207.0,55779427740.0,50567734886.0,48208240226.0,51583869785.0,46577793184.0,48415657265.0,49997186439.0,43107506024.0,44766722791.0,48589100043.0,54177882426.0,54331588482.0,53706800044.0
Sweden,SWE,261847000000.0,274231000000.0,284319000000.0,212953000000.0,229034000000.0,267307000000.0,291746000000.0,268146000000.0,270810000000.0,274071000000.0,262834000000.0,242395000000.0,266848000000.0,334337000000.0,385119000000.0,392219000000.0,423091000000.0,491255000000.0,517706000000.0,436536000000.0,495813000000.0,574094000000.0,552484000000.0,586842000000.0,581964000000.0,505104000000.0,515655000000.0,541019000000.0,555455000000.0,533880000000.0,547054000000.0
Eswatini,SWZ,1114694112.0,1156135718.0,1284759852.0,1357189725.0,1419294121.0,1698989464.0,1602741772.0,1716714194.0,1576908809.0,1547888454.0,1738093757.0,1542477309.0,1432221784.0,2197598418.0,2770082792.0,3178112332.0,3291329938.0,3469381231.0,3294084181.0,3580427986.0,4438765109.0,4820478592.0,4886551706.0,4597552949.0,4422986447.0,4063245671.0,3816019223.0,4402969226.0,4666598024.0,4466214522.0,3982236726.0
Sint Maarten (Dutch part),SXM,,,,,,,,,,,,,,,,,,,,,,936089385.5,985865921.8,1022905028.0,1245251397.0,1253072626.0,1263687151.0,1191620112.0,1185474860.0,1459776536.0,1240279330.0
Seychelles,SYC,392163560.9,398307144.8,461409398.9,504230588.1,517570058.2,540733047.7,535250347.1,598967022.1,647287375.8,662838614.9,654212432.4,662064193.6,742134792.4,750847276.4,893012218.2,977899381.8,1081441349.0,1077308888.0,979597364.9,851064318.8,981918002.9,1059249940.0,1089880668.0,1324915222.0,1387576414.0,1391427967.0,1458954110.0,1529773286.0,1587813245.0,1645090567.0,1183515398.0
Syrian Arab Republic,SYR,23904498886.0,27756258352.0,33107349666.0,36860133630.0,45086948775.0,50866369710.0,61546280624.0,66420400891.0,70418173719.0,72970334076.0,80590022272.0,86771314031.0,90558485523.0,95693808463.0,112863000000.0,134204000000.0,153800000000.0,180030000000.0,218090000000.0,224562000000.0,252518000000.0,67539427671.0,43190317725.0,21361254648.0,21502061462.0,16468399180.0,12598742887.0,16369724433.0,21496337968.0,22600896352.0,11159274040.0
Turks and Caicos Islands,TCA,,,,,,,,,,,,358744800.0,366707900.0,409753600.0,485598800.0,578645800.0,721891500.0,773489700.0,862683600.0,703175800.0,686787800.0,728789600.0,727161000.0,754238000.0,841070000.0,942070000.0,1032452000.0,1022365000.0,1113178000.0,1197415000.0,924583000.0
Chad,TCD,1738605558.0,1877137983.0,1881847671.0,1463251161.0,1179837964.0,1445919895.0,1607345355.0,1544689576.0,1744794532.0,1534673583.0,1388506772.0,1710843376.0,1997005710.0,2742815071.0,4422855658.0,6649307528.0,7428701455.0,8650137735.0,10393833755.0,9290728312.0,10668103549.0,12172308858.0,12367362746.0,12953534870.0,13940767222.0,10950392257.0,10097778097.0,10000394388.0,11239167890.0,11314951088.0,10715396051.0
Togo,TGO,2212905423.0,2177399825.0,2300598696.0,1676225629.0,1335309430.0,1779348593.0,1991429218.0,2036956851.0,2157078792.0,2142574541.0,2027363117.0,2014516701.0,2319268823.0,2875255593.0,3071152629.0,3100356552.0,3195618966.0,3618281293.0,4516616224.0,4592147228.0,4660369658.0,5262368232.0,5263522037.0,5872790935.0,6217047649.0,5681469374.0,6031632015.0,6395472028.0,7029217932.0,6992656429.0,7389329393.0
Thailand,THA,85343189321.0,98234713408.0,111453000000.0,128889000000.0,146684000000.0,169279000000.0,183035000000.0,150180000000.0,113676000000.0,126669000000.0,126392000000.0,120296000000.0,134301000000.0,152281000000.0,172896000000.0,189318000000.0,221758000000.0,262943000000.0,291383000000.0,281711000000.0,341105000000.0,370819000000.0,397558000000.0,420334000000.0,407339000000.0,401296000000.0,413366000000.0,456357000000.0,506754000000.0,543977000000.0,500457000000.0
Tajikistan,TJK,2629395066.0,2534720480.0,1909246641.0,1646693642.0,1522018436.0,1231567145.0,1043654822.0,921517486.7,1320199582.0,1086612583.0,860541842.3,1080772703.0,1221106073.0,1555318431.0,2076176636.0,2312352268.0,2830213563.0,3719524181.0,5161299725.0,4979471964.0,5642221529.0,6522755783.0,7633036366.0,8448410727.0,9112606075.0,8271431932.0,6992416097.0,7536403147.0,7765000282.0,8300813890.0,8133963813.0
Turkmenistan,TKM,3189539641.0,3208098919.0,3200539816.0,3179225949.0,2561118608.0,2482228440.0,2378759975.0,2450349634.0,2605688065.0,2450564468.0,2904662605.0,3534771969.0,4462028989.0,5977440583.0,6838351088.0,8103901996.0,10276674365.0,12664165103.0,19271523179.0,20214385965.0,22583157895.0,29233333333.0,35164210526.0,39197543860.0,43524210526.0,35799714286.0,36169428571.0,37926285714.0,40765428571.0,44220285714.0,45610571429.0
Timor-Leste,TLS,,,,,,,,,,,367087900.0,477443500.0,469506700.0,490439100.0,440764600.0,462283600.0,453805100.0,542795400.0,648492700.0,726882400.0,881827800.0,1042411500.0,1160389600.0,1395519600.0,1447310400.0,1594447600.0,1650619400.0,1595724300.0,1563887900.0,2028551600.0,2158392500.0
Tonga,TON,113563821.6,132201141.4,137066290.6,138489884.4,195990986.2,208871665.7,222100576.3,214991452.3,191504892.8,199208752.5,204848436.6,181117272.4,182764299.9,202246621.2,230657579.1,261803692.1,292230634.2,298519087.7,344436494.4,312377751.1,366832186.5,414533045.1,470705334.8,450650718.2,439877675.7,437003006.7,420548768.1,460374252.2,488906860.9,512053639.8,484796858.8
Trinidad and Tobago,TTO,5068000000.0,5307905882.0,5439552941.0,4669491425.0,4947181506.0,5329217897.0,5759570496.0,5737771217.0,6043687133.0,6808982521.0,8154342548.0,8824849663.0,9008297748.0,11305459802.0,13280292692.0,15982388173.0,18369361094.0,21641620050.0,27871587350.0,19172165226.0,22157919434.0,25433008605.0,27121712419.0,28557451150.0,29489012807.0,26851970249.0,23496215881.0,23797686962.0,24322359037.0,23849557811.0,21059428846.0
Tunisia,TUN,12290568182.0,13074782609.0,15496702220.0,14608340459.0,15633171728.0,18030876599.0,19587155099.0,20746204101.0,21802893587.0,22943202175.0,21473522939.0,22065840117.0,23141611179.0,27453895159.0,31183893587.0,32272178404.0,34376664601.0,38915343743.0,44859452038.0,43455740497.0,46206091938.0,48123314430.0,47311411910.0,48685436425.0,50271812921.0,45779494042.0,44360065797.0,42163530591.0,42686509836.0,41905637659.0,42538462678.0
Turkiye,TUR,150676000000.0,151041000000.0,159095000000.0,180422000000.0,130652000000.0,169319000000.0,181465000000.0,189878000000.0,275942000000.0,256396000000.0,274295000000.0,201753000000.0,240249000000.0,314596000000.0,408865000000.0,506315000000.0,557076000000.0,681321000000.0,770449000000.0,649289000000.0,776967000000.0,838786000000.0,880556000000.0,957799000000.0,938934000000.0,864314000000.0,869683000000.0,858989000000.0,778477000000.0,759935000000.0,720289000000.0
Tuvalu,TUV,8824746.238,9365488.115,9742603.634,9631024.916,10887216.91,11025679.51,12335200.16,12701093.97,12757405.79,13687141.11,15073978.45,13964728.72,16842677.17,19456335.93,22798266.6,22909973.98,24096867.47,28450156.79,31874425.95,28076988.13,32105394.15,39196949.34,39345578.22,38615887.03,38760972.42,36811928.82,41629064.97,45276606.0,48015219.95,54123195.27,51746568.7
Tanzania,TZA,4258742899.0,4956587902.0,4601413521.0,4257702021.0,4510847189.0,5255221044.0,6496195824.0,7683852497.0,12270448546.0,12711213451.0,13375976354.0,13581644246.0,14142035080.0,15224257698.0,16675948415.0,18399046025.0,18649590248.0,21843529025.0,27961527623.0,29081826159.0,32014247548.0,34657141721.0,39650522646.0,45680532614.0,49964825081.0,47378603784.0,49774004999.0,53275968095.0,57003686049.0,61026765850.0,66068737757.0
Uganda,UGA,4304399315.0,3321729158.0,2857457761.0,3220439044.0,3990430447.0,5755818845.0,6044585327.0,6269333313.0,6584815847.0,5998563258.0,6193246837.0,5840503869.0,6178563591.0,6606884274.0,7939487548.0,9239221760.0,9977647685.0,11902564497.0,14440404137.0,25127805566.0,26673441432.0,27871725245.0,27305915908.0,28915786520.0,32612397253.0,32387183733.0,29203988697.0,30744473840.0,32927025621.0,35348155092.0,37605430214.0
Ukraine,UKR,81393558423.0,77350733982.0,73945908384.0,65648559903.0,52549553403.0,48213867647.0,44558841762.0,50151522612.0,41882529045.0,31580642102.0,32375081951.0,39309580983.0,43956163612.0,52010352502.0,67220154164.0,89238865119.0,111885000000.0,148734000000.0,188110000000.0,121552000000.0,141209000000.0,169334000000.0,182592000000.0,190499000000.0,133504000000.0,91030968761.0,93355868978.0,112091000000.0,130891000000.0,153883000000.0,156618000000.0
Uruguay,URY,9298806525.0,11206174800.0,12878150210.0,15002138240.0,17474590051.0,19297663097.0,20515457256.0,23969738388.0,25385887786.0,23983945191.0,22823271521.0,20898762265.0,13606515936.0,12045638210.0,13686329890.0,17362857684.0,19741420467.0,23797773024.0,31119603034.0,32708318594.0,41950361212.0,50342405198.0,54232266359.0,61337620936.0,61496186974.0,57680328702.0,57480788380.0,65006047680.0,65203071111.0,62048585619.0,53666908480.0
United States,USA,5963140000000.0,6158130000000.0,6520330000000.0,6858560000000.0,7287240000000.0,7639750000000.0,8073120000000.0,8577550000000.0,9062820000000.0,9631170000000.0,10250900000000.0,10581900000000.0,10929100000000.0,11456400000000.0,12217200000000.0,13039200000000.0,13815600000000.0,14474200000000.0,14769900000000.0,14478100000000.0,15049000000000.0,15599700000000.0,16254000000000.0,16843200000000.0,17550700000000.0,18206000000000.0,18695100000000.0,19477300000000.0,20533100000000.0,21381000000000.0,21060500000000.0
Uzbekistan,UZB,13360607991.0,13677622222.0,12941297376.0,13099013836.0,12899156991.0,13350468917.0,13948892216.0,14744603774.0,14988971211.0,17078465982.0,13760513969.0,11401421329.0,9687788513.0,10134453435.0,12030023548.0,14307509839.0,17330833853.0,22311393928.0,29549438884.0,33689223673.0,49765676402.0,60178909297.0,67517349212.0,73180037913.0,80845385816.0,86196264742.0,86138288633.0,62081322741.0,52870108218.0,60283503705.0,60224701296.0
St. Vincent and the Grenadines,VCT,240366666.7,254829629.6,277955555.6,286307407.4,289437037.0,316007407.4,331488888.9,347770370.4,373618518.5,390718518.5,427946037.0,462072333.3,487763851.9,509090888.9,549900185.2,579948925.9,643501148.1,713596666.7,732663259.3,714300259.3,720447888.9,713796370.4,730032592.6,764781259.3,770901436.4,786554580.8,814302267.1,844039068.8,884328180.5,910765709.8,869111852.8
"Venezuela, RB",VEN,48606952195.0,53453444787.0,60416519620.0,60037460783.0,58418666667.0,77389487772.0,70543211119.0,85837678559.0,91336763256.0,97972842462.0,117146000000.0,122911000000.0,92893587734.0,83620628582.0,112451000000.0,145513000000.0,183478000000.0,230364000000.0,315953000000.0,329788000000.0,393192000000.0,316482000000.0,381286000000.0,371005000000.0,482359000000.0,,,,,,
Virgin Islands (U.S.),VIR,,,,,,,,,,,,,3262000000.0,3443000000.0,3797000000.0,4428000000.0,4484000000.0,4784000000.0,4244000000.0,4201000000.0,4324000000.0,4223000000.0,4089000000.0,3738000000.0,3565000000.0,3663000000.0,3798000000.0,3794000000.0,3922000000.0,4117000000.0,4204000000.0
Vietnam,VNM,6471740806.0,9613369520.0,9866990236.0,13180953598.0,16286433533.0,20736164459.0,24657470575.0,26843700442.0,27209602050.0,28683659007.0,31172518403.0,32685198809.0,35064105501.0,39552513231.0,45427854693.0,57633255739.0,66371664817.0,77414425532.0,99130304099.0,106015000000.0,147201000000.0,172595000000.0,195591000000.0,213709000000.0,233451000000.0,239258000000.0,257096000000.0,281354000000.0,310106000000.0,334365000000.0,346616000000.0
Vanuatu,VUT,168879207.2,201334169.1,209088824.6,200491853.2,233701301.5,249333250.1,261370044.5,272771209.1,262293410.7,268006972.7,272014627.2,257926881.7,262596534.9,314471413.9,364996869.1,394962431.8,439358585.2,516392922.5,590748431.3,592622317.3,670712977.4,770153591.1,747839697.7,758304466.2,772315986.5,730870805.2,780889605.9,880061831.0,914736985.4,936526267.6,909421043.5
Samoa,WSM,125766269.8,125597205.4,132303041.4,133122897.2,221098106.5,224865731.4,249907893.8,285475620.9,269485285.0,255408053.2,258856139.8,266299591.5,281790139.0,333426144.5,407747521.1,476801793.2,499923757.8,573548459.8,641346191.7,628006115.4,680260919.9,744096948.5,773141695.1,797736265.9,796683672.8,824150487.2,843924750.7,884844419.8,878448439.5,912950619.4,868898350.4
Kosovo,XKX,,,,,,,,,,,,,,,,,,,5181776769.0,5015894693.0,5343950626.0,6341614505.0,6163483291.0,6735327512.0,7074392884.0,6295845465.0,6682674063.0,7180768692.0,7878762812.0,7899741279.0,7717143395.0
"Yemen, Rep.",YEM,5647119229.0,5930370370.0,6463649985.0,5368270615.0,4167356037.0,4258788725.0,5785685311.0,6838557384.0,6325141676.0,7641102523.0,9652436180.0,9861560095.0,10694628092.0,11777966673.0,13872791659.0,16746347681.0,19061978586.0,21650532264.0,26910855852.0,25130278254.0,30906749533.0,32726417878.0,35401323350.0,40415233436.0,43228585321.0,42444489461.0,31317824906.0,26842231205.0,21606161066.0,,
South Africa,ZAF,126048000000.0,135204000000.0,146956000000.0,147195000000.0,153513000000.0,171736000000.0,163235000000.0,168978000000.0,152983000000.0,151517000000.0,151753000000.0,135430000000.0,129088000000.0,197019000000.0,255807000000.0,288867000000.0,303859000000.0,333077000000.0,316131000000.0,329754000000.0,417364000000.0,458199000000.0,434401000000.0,400886000000.0,381199000000.0,346710000000.0,323586000000.0,381449000000.0,404159000000.0,388531000000.0,337620000000.0
Zambia,ZMB,3285217391.0,3376806697.0,3181921788.0,3273507754.0,3656808233.0,3806982679.0,3597220962.0,4303290117.0,3537741625.0,3404284653.0,3600631919.0,4094441301.0,4193850445.0,4901869716.0,6221109716.0,8331870169.0,12756858899.0,14056957976.0,17910858638.0,15328342304.0,20265559484.0,23459515276.0,25503060420.0,28037239463.0,27141023558.0,21251216799.0,20958412538.0,25873601261.0,26311506435.0,23308667781.0,18110638619.0
Zimbabwe,ZWE,8783816700.0,8641481700.0,6751472200.0,6563813300.0,6890675000.0,7111270700.0,8553146600.0,8529571600.0,6401968200.0,6858013100.0,6689957600.0,6777384700.0,6342116400.0,5727591800.0,5805598400.0,5755215200.0,5443896500.0,5291950100.0,4415702800.0,9665793300.0,12041655200.0,14101920300.0,17114849900.0,19091020000.0,19495519600.0,19963120600.0,20548678100.0,17584890937.0,34156069918.0,21832234926.0,21509698406.0
